student_id,fakultas,semester,wellbeing_score,academic_pressure,social_support,career_readiness,cluster_id,cluster_name,topik_keluhan,sentimen
MHS-00001,Hukum,2,56,63,40,70,3,Social Adaptation,Layanan kampus dan fasilitas,Negatif
MHS-00002,Ekonomi dan Bisnis,8,63,60,56,35,2,Career Concern,Layanan kampus dan fasilitas,Negatif
MHS-00003,Teknik,2,42,85,57,65,1,Academic Pressure,Kesepian dan adaptasi sosial,Negatif
MHS-00004,MIPA,5,74,36,87,72,4,Balanced Wellbeing,Kegiatan dan komunitas,Netral
MHS-00005,Ekonomi dan Bisnis,2,58,86,58,29,1,Academic Pressure,Kesepian dan adaptasi sosial,Negatif
MHS-00006,MIPA,3,59,66,72,39,2,Career Concern,Layanan kampus dan fasilitas,Positif
MHS-00007,Teknik,4,69,38,73,59,4,Balanced Wellbeing,Kegiatan dan komunitas,Negatif
MHS-00008,Ilmu Budaya,8,63,76,50,62,1,Academic Pressure,Kecemasan karier dan magang,Negatif
MHS-00009,Ekonomi dan Bisnis,8,33,73,50,55,1,Academic Pressure,Beban tugas dan ujian,Positif
MHS-00010,Ilmu Budaya,5,43,72,46,59,1,Academic Pressure,Layanan kampus dan fasilitas,Positif
MHS-00011,Ilmu Budaya,3,43,60,35,54,3,Social Adaptation,Kesepian dan adaptasi sosial,Negatif
MHS-00012,Hukum,4,76,36,88,80,4,Balanced Wellbeing,Kecemasan karier dan magang,Negatif
MHS-00013,Kedokteran,5,85,40,76,74,4,Balanced Wellbeing,Kecemasan karier dan magang,Negatif
MHS-00014,Ekonomi dan Bisnis,8,44,82,55,38,1,Academic Pressure,Layanan kampus dan fasilitas,Negatif
MHS-00015,Ilmu Budaya,6,88,40,75,62,4,Balanced Wellbeing,Kesepian dan adaptasi sosial,Positif
MHS-00016,Hukum,1,58,83,54,51,1,Academic Pressure,Kecemasan karier dan magang,Negatif
MHS-00017,MIPA,8,48,71,25,54,3,Social Adaptation,Kecemasan karier dan magang,Positif
MHS-00018,Hukum,2,40,85,42,54,1,Academic Pressure,Beban tugas dan ujian,Negatif
MHS-00019,Ekonomi dan Bisnis,2,51,90,49,55,1,Academic Pressure,Kesepian dan adaptasi sosial,Positif
MHS-00020,Ekonomi dan Bisnis,3,48,61,49,65,3,Social Adaptation,Kesepian dan adaptasi sosial,Negatif
MHS-00021,Ilmu Budaya,5,31,98,53,65,1,Academic Pressure,Kesepian dan adaptasi sosial,Netral
MHS-00022,Hukum,1,44,62,38,60,3,Social Adaptation,Dukungan dosen dan dosen wali,Negatif
MHS-00023,Teknik,2,73,45,64,73,4,Balanced Wellbeing,Dukungan dosen dan dosen wali,Positif
MHS-00024,MIPA,6,47,60,48,63,3,Social Adaptation,Biaya kuliah dan keuangan,Negatif
MHS-00025,Teknik,1,54,54,56,56,2,Career Concern,Kesepian dan adaptasi sosial,Netral
MHS-00026,Ekonomi dan Bisnis,6,45,61,36,60,3,Social Adaptation,Biaya kuliah dan keuangan,Negatif
MHS-00027,Kedokteran,2,61,61,52,58,3,Social Adaptation,Kecemasan karier dan magang,Negatif
MHS-00028,Kedokteran,8,46,87,48,62,1,Academic Pressure,Biaya kuliah dan keuangan,Positif
MHS-00029,Kedokteran,3,57,60,63,32,2,Career Concern,Dukungan dosen dan dosen wali,Negatif
MHS-00030,Kedokteran,3,59,77,56,53,1,Academic Pressure,Kesepian dan adaptasi sosial,Negatif
MHS-00031,Teknik,6,86,32,81,79,4,Balanced Wellbeing,Kegiatan dan komunitas,Netral
MHS-00032,Ekonomi dan Bisnis,7,81,43,87,86,4,Balanced Wellbeing,Beban tugas dan ujian,Negatif
MHS-00033,Hukum,2,51,48,62,48,2,Career Concern,Kesepian dan adaptasi sosial,Positif
MHS-00034,Teknik,4,69,47,81,68,4,Balanced Wellbeing,Kesepian dan adaptasi sosial,Negatif
MHS-00035,Teknik,2,52,53,71,42,2,Career Concern,Biaya kuliah dan keuangan,Negatif
MHS-00036,MIPA,2,36,87,50,62,1,Academic Pressure,Kesepian dan adaptasi sosial,Positif
MHS-00037,Hukum,4,43,58,54,26,2,Career Concern,Biaya kuliah dan keuangan,Negatif
MHS-00038,Hukum,7,47,58,45,52,3,Social Adaptation,Biaya kuliah dan keuangan,Negatif
MHS-00039,Kedokteran,7,69,55,71,37,2,Career Concern,Layanan kampus dan fasilitas,Positif
MHS-00040,MIPA,8,70,41,68,78,4,Balanced Wellbeing,Kegiatan dan komunitas,Positif
MHS-00041,Ekonomi dan Bisnis,5,36,80,47,64,1,Academic Pressure,Kecemasan karier dan magang,Positif
MHS-00042,MIPA,4,65,37,63,78,4,Balanced Wellbeing,Dukungan dosen dan dosen wali,Netral
MHS-00043,Ilmu Budaya,4,63,62,38,54,3,Social Adaptation,Kecemasan karier dan magang,Positif
MHS-00044,MIPA,6,53,59,43,64,3,Social Adaptation,Kegiatan dan komunitas,Positif
MHS-00045,Ilmu Budaya,8,62,51,72,36,2,Career Concern,Biaya kuliah dan keuangan,Positif
MHS-00046,Ekonomi dan Bisnis,5,70,46,68,78,4,Balanced Wellbeing,Biaya kuliah dan keuangan,Negatif
MHS-00047,MIPA,8,43,70,62,55,1,Academic Pressure,Kesepian dan adaptasi sosial,Negatif
MHS-00048,Ilmu Budaya,1,77,45,87,66,4,Balanced Wellbeing,Biaya kuliah dan keuangan,Negatif
MHS-00049,Ilmu Budaya,4,63,42,85,57,4,Balanced Wellbeing,Biaya kuliah dan keuangan,Negatif
MHS-00050,MIPA,1,46,64,33,58,3,Social Adaptation,Kesepian dan adaptasi sosial,Netral
MHS-00051,Ilmu Budaya,6,61,56,61,51,2,Career Concern,Biaya kuliah dan keuangan,Positif
MHS-00052,Kedokteran,4,75,49,89,75,4,Balanced Wellbeing,Dukungan dosen dan dosen wali,Negatif
MHS-00053,Ilmu Budaya,2,48,97,50,47,1,Academic Pressure,Layanan kampus dan fasilitas,Positif
MHS-00054,Ekonomi dan Bisnis,5,41,47,59,30,2,Career Concern,Beban tugas dan ujian,Netral
MHS-00055,Hukum,4,62,59,83,84,4,Balanced Wellbeing,Beban tugas dan ujian,Netral
MHS-00056,Hukum,6,78,36,89,76,4,Balanced Wellbeing,Beban tugas dan ujian,Netral
MHS-00057,Hukum,3,92,58,70,62,4,Balanced Wellbeing,Kesepian dan adaptasi sosial,Negatif
MHS-00058,MIPA,5,62,55,23,61,3,Social Adaptation,Biaya kuliah dan keuangan,Positif
MHS-00059,Teknik,8,76,54,73,69,4,Balanced Wellbeing,Kegiatan dan komunitas,Negatif
MHS-00060,MIPA,4,46,92,62,45,1,Academic Pressure,Beban tugas dan ujian,Negatif
MHS-00061,Kedokteran,4,35,83,53,52,1,Academic Pressure,Kesepian dan adaptasi sosial,Netral
MHS-00062,Hukum,8,49,58,61,36,2,Career Concern,Biaya kuliah dan keuangan,Negatif
MHS-00063,Hukum,8,57,40,60,39,2,Career Concern,Biaya kuliah dan keuangan,Positif
MHS-00064,Teknik,3,62,63,62,48,2,Career Concern,Biaya kuliah dan keuangan,Negatif
MHS-00065,Kedokteran,8,67,35,81,74,4,Balanced Wellbeing,Kesepian dan adaptasi sosial,Negatif
MHS-00066,Hukum,1,61,48,77,75,4,Balanced Wellbeing,Kecemasan karier dan magang,Negatif
MHS-00067,Ekonomi dan Bisnis,7,86,55,68,65,4,Balanced Wellbeing,Kesepian dan adaptasi sosial,Positif
MHS-00068,Ekonomi dan Bisnis,4,55,58,65,43,2,Career Concern,Biaya kuliah dan keuangan,Netral
MHS-00069,Ekonomi dan Bisnis,5,56,82,49,48,1,Academic Pressure,Dukungan dosen dan dosen wali,Negatif
MHS-00070,Ekonomi dan Bisnis,7,46,96,42,44,1,Academic Pressure,Beban tugas dan ujian,Netral
MHS-00071,MIPA,5,80,48,75,86,4,Balanced Wellbeing,Kesepian dan adaptasi sosial,Negatif
MHS-00072,Ilmu Budaya,6,66,45,81,75,4,Balanced Wellbeing,Layanan kampus dan fasilitas,Negatif
MHS-00073,Kedokteran,1,58,37,91,73,4,Balanced Wellbeing,Kegiatan dan komunitas,Positif
MHS-00074,Teknik,8,80,55,73,67,4,Balanced Wellbeing,Biaya kuliah dan keuangan,Negatif
MHS-00075,MIPA,1,40,86,50,45,1,Academic Pressure,Kesepian dan adaptasi sosial,Negatif
MHS-00076,Ilmu Budaya,7,85,34,96,74,4,Balanced Wellbeing,Beban tugas dan ujian,Negatif
MHS-00077,Ilmu Budaya,8,50,56,20,52,3,Social Adaptation,Beban tugas dan ujian,Negatif
MHS-00078,Teknik,8,75,47,75,77,4,Balanced Wellbeing,Beban tugas dan ujian,Netral
MHS-00079,Ilmu Budaya,3,55,52,53,44,2,Career Concern,Kesepian dan adaptasi sosial,Negatif
MHS-00080,MIPA,5,60,87,59,46,1,Academic Pressure,Kegiatan dan komunitas,Negatif
MHS-00081,Kedokteran,7,41,48,29,61,3,Social Adaptation,Kesepian dan adaptasi sosial,Positif
MHS-00082,Ilmu Budaya,7,36,92,49,55,1,Academic Pressure,Kesepian dan adaptasi sosial,Positif
MHS-00083,Teknik,8,52,81,62,50,1,Academic Pressure,Beban tugas dan ujian,Netral
MHS-00084,Kedokteran,7,55,56,41,48,2,Career Concern,Dukungan dosen dan dosen wali,Negatif
MHS-00085,MIPA,1,60,58,45,51,3,Social Adaptation,Layanan kampus dan fasilitas,Negatif
MHS-00086,Teknik,8,75,37,89,80,4,Balanced Wellbeing,Kecemasan karier dan magang,Netral
MHS-00087,MIPA,3,73,53,86,81,4,Balanced Wellbeing,Kecemasan karier dan magang,Negatif
MHS-00088,Ilmu Budaya,5,39,62,39,69,3,Social Adaptation,Dukungan dosen dan dosen wali,Negatif
MHS-00089,Hukum,7,54,69,31,66,3,Social Adaptation,Dukungan dosen dan dosen wali,Negatif
MHS-00090,Hukum,5,52,60,52,39,2,Career Concern,Beban tugas dan ujian,Positif
MHS-00091,Ilmu Budaya,5,44,49,48,61,3,Social Adaptation,Kegiatan dan komunitas,Positif
MHS-00092,Ekonomi dan Bisnis,2,41,53,35,46,3,Social Adaptation,Dukungan dosen dan dosen wali,Netral
MHS-00093,Ekonomi dan Bisnis,4,49,58,34,70,3,Social Adaptation,Kecemasan karier dan magang,Positif
MHS-00094,Kedokteran,6,57,64,78,34,2,Career Concern,Kegiatan dan komunitas,Negatif
MHS-00095,MIPA,6,84,36,100,71,4,Balanced Wellbeing,Beban tugas dan ujian,Positif
MHS-00096,Kedokteran,2,52,49,49,36,2,Career Concern,Dukungan dosen dan dosen wali,Negatif
MHS-00097,Hukum,5,54,59,51,63,3,Social Adaptation,Dukungan dosen dan dosen wali,Negatif
MHS-00098,Ilmu Budaya,6,54,60,65,41,2,Career Concern,Dukungan dosen dan dosen wali,Positif
MHS-00099,MIPA,7,47,45,29,45,3,Social Adaptation,Biaya kuliah dan keuangan,Negatif
MHS-00100,Hukum,6,78,43,76,64,4,Balanced Wellbeing,Beban tugas dan ujian,Negatif
MHS-00101,Teknik,1,64,49,73,65,4,Balanced Wellbeing,Kegiatan dan komunitas,Negatif
MHS-00102,Ekonomi dan Bisnis,6,52,73,42,44,1,Academic Pressure,Kegiatan dan komunitas,Negatif
MHS-00103,Hukum,1,78,49,79,78,4,Balanced Wellbeing,Kecemasan karier dan magang,Negatif
MHS-00104,Hukum,2,59,62,61,34,2,Career Concern,Kesepian dan adaptasi sosial,Negatif
MHS-00105,Hukum,5,59,70,59,26,2,Career Concern,Kesepian dan adaptasi sosial,Netral
MHS-00106,Teknik,6,72,47,77,65,4,Balanced Wellbeing,Layanan kampus dan fasilitas,Negatif
MHS-00107,MIPA,7,48,54,32,54,3,Social Adaptation,Beban tugas dan ujian,Positif
MHS-00108,Ilmu Budaya,6,60,40,64,81,4,Balanced Wellbeing,Kegiatan dan komunitas,Negatif
MHS-00109,Teknik,2,54,53,72,58,2,Career Concern,Kegiatan dan komunitas,Negatif
MHS-00110,Hukum,2,59,62,71,41,2,Career Concern,Kesepian dan adaptasi sosial,Negatif
MHS-00111,MIPA,4,72,25,73,69,4,Balanced Wellbeing,Kecemasan karier dan magang,Netral
MHS-00112,MIPA,1,66,56,67,67,4,Balanced Wellbeing,Layanan kampus dan fasilitas,Positif
MHS-00113,Ekonomi dan Bisnis,7,45,75,54,52,1,Academic Pressure,Beban tugas dan ujian,Negatif
MHS-00114,Hukum,6,77,54,75,80,4,Balanced Wellbeing,Kegiatan dan komunitas,Positif
MHS-00115,Ilmu Budaya,8,48,79,62,56,1,Academic Pressure,Layanan kampus dan fasilitas,Negatif
MHS-00116,Hukum,5,42,84,50,43,1,Academic Pressure,Beban tugas dan ujian,Negatif
MHS-00117,Teknik,1,60,77,55,45,1,Academic Pressure,Kesepian dan adaptasi sosial,Positif
MHS-00118,Hukum,1,60,45,81,71,4,Balanced Wellbeing,Kesepian dan adaptasi sosial,Negatif
MHS-00119,Teknik,6,38,56,34,59,3,Social Adaptation,Kecemasan karier dan magang,Positif
MHS-00120,MIPA,2,89,54,80,84,4,Balanced Wellbeing,Kesepian dan adaptasi sosial,Positif
MHS-00121,Kedokteran,6,86,51,74,72,4,Balanced Wellbeing,Dukungan dosen dan dosen wali,Positif
MHS-00122,Teknik,3,47,86,62,63,1,Academic Pressure,Kegiatan dan komunitas,Netral
MHS-00123,Kedokteran,6,43,46,23,39,3,Social Adaptation,Kecemasan karier dan magang,Negatif
MHS-00124,Teknik,1,69,41,87,78,4,Balanced Wellbeing,Biaya kuliah dan keuangan,Positif
MHS-00125,Hukum,1,68,39,70,76,4,Balanced Wellbeing,Kesepian dan adaptasi sosial,Positif
MHS-00126,Kedokteran,2,29,61,24,62,3,Social Adaptation,Layanan kampus dan fasilitas,Netral
MHS-00127,Ilmu Budaya,7,65,44,68,87,4,Balanced Wellbeing,Kegiatan dan komunitas,Negatif
MHS-00128,Hukum,3,53,63,35,52,3,Social Adaptation,Biaya kuliah dan keuangan,Negatif
MHS-00129,Teknik,5,51,50,70,53,2,Career Concern,Layanan kampus dan fasilitas,Negatif
MHS-00130,Hukum,7,56,50,34,49,3,Social Adaptation,Layanan kampus dan fasilitas,Negatif
MHS-00131,Teknik,5,56,79,55,56,1,Academic Pressure,Kegiatan dan komunitas,Positif
MHS-00132,MIPA,7,64,44,87,66,4,Balanced Wellbeing,Kecemasan karier dan magang,Negatif
MHS-00133,Ekonomi dan Bisnis,8,80,53,69,80,4,Balanced Wellbeing,Layanan kampus dan fasilitas,Negatif
MHS-00134,Kedokteran,8,44,75,23,60,3,Social Adaptation,Kesepian dan adaptasi sosial,Positif
MHS-00135,Teknik,8,60,64,49,34,2,Career Concern,Kegiatan dan komunitas,Negatif
MHS-00136,MIPA,3,52,64,42,65,3,Social Adaptation,Kegiatan dan komunitas,Negatif
MHS-00137,Ekonomi dan Bisnis,7,56,61,70,47,2,Career Concern,Beban tugas dan ujian,Negatif
MHS-00138,Ilmu Budaya,3,67,34,84,79,4,Balanced Wellbeing,Kegiatan dan komunitas,Netral
MHS-00139,MIPA,7,47,97,42,48,1,Academic Pressure,Beban tugas dan ujian,Positif
MHS-00140,Ilmu Budaya,1,40,73,69,57,1,Academic Pressure,Dukungan dosen dan dosen wali,Netral
MHS-00141,Teknik,6,53,56,51,49,2,Career Concern,Beban tugas dan ujian,Positif
MHS-00142,Kedokteran,5,74,62,69,46,2,Career Concern,Dukungan dosen dan dosen wali,Negatif
MHS-00143,Teknik,6,66,36,79,66,4,Balanced Wellbeing,Layanan kampus dan fasilitas,Negatif
MHS-00144,Hukum,8,59,60,39,61,3,Social Adaptation,Beban tugas dan ujian,Negatif
MHS-00145,Kedokteran,1,56,78,64,51,1,Academic Pressure,Kegiatan dan komunitas,Netral
MHS-00146,Ilmu Budaya,8,44,76,57,43,1,Academic Pressure,Kesepian dan adaptasi sosial,Negatif
MHS-00147,Ilmu Budaya,3,59,53,69,48,2,Career Concern,Layanan kampus dan fasilitas,Negatif
MHS-00148,Ilmu Budaya,1,46,64,66,51,2,Career Concern,Dukungan dosen dan dosen wali,Positif
MHS-00149,Kedokteran,3,77,57,72,49,2,Career Concern,Beban tugas dan ujian,Negatif
MHS-00150,MIPA,1,60,87,49,57,1,Academic Pressure,Layanan kampus dan fasilitas,Negatif
MHS-00151,Kedokteran,4,61,62,57,49,2,Career Concern,Beban tugas dan ujian,Negatif
MHS-00152,MIPA,5,86,55,78,68,4,Balanced Wellbeing,Dukungan dosen dan dosen wali,Positif
MHS-00153,Hukum,6,59,51,76,75,4,Balanced Wellbeing,Dukungan dosen dan dosen wali,Negatif
MHS-00154,Kedokteran,4,83,35,90,68,4,Balanced Wellbeing,Beban tugas dan ujian,Positif
MHS-00155,Ekonomi dan Bisnis,2,51,67,39,48,2,Career Concern,Beban tugas dan ujian,Negatif
MHS-00156,Hukum,2,51,47,57,67,3,Social Adaptation,Kesepian dan adaptasi sosial,Negatif
MHS-00157,MIPA,1,65,42,80,69,4,Balanced Wellbeing,Kegiatan dan komunitas,Negatif
MHS-00158,Teknik,5,56,52,77,37,2,Career Concern,Kecemasan karier dan magang,Netral
MHS-00159,Ekonomi dan Bisnis,3,48,58,71,60,2,Career Concern,Dukungan dosen dan dosen wali,Netral
MHS-00160,MIPA,5,91,50,97,83,4,Balanced Wellbeing,Dukungan dosen dan dosen wali,Negatif
MHS-00161,Ekonomi dan Bisnis,7,55,75,50,46,1,Academic Pressure,Biaya kuliah dan keuangan,Negatif
MHS-00162,Kedokteran,6,50,61,71,56,2,Career Concern,Kesepian dan adaptasi sosial,Negatif
MHS-00163,Kedokteran,7,51,61,62,47,2,Career Concern,Kegiatan dan komunitas,Netral
MHS-00164,Ilmu Budaya,8,43,91,49,64,1,Academic Pressure,Kesepian dan adaptasi sosial,Positif
MHS-00165,Kedokteran,8,52,61,59,42,2,Career Concern,Layanan kampus dan fasilitas,Positif
MHS-00166,Ilmu Budaya,6,54,55,47,49,3,Social Adaptation,Beban tugas dan ujian,Negatif
MHS-00167,MIPA,2,58,66,38,51,3,Social Adaptation,Kecemasan karier dan magang,Positif
MHS-00168,MIPA,1,70,54,65,53,2,Career Concern,Beban tugas dan ujian,Negatif
MHS-00169,Kedokteran,3,60,75,49,72,3,Social Adaptation,Kesepian dan adaptasi sosial,Positif
MHS-00170,Teknik,6,62,51,60,37,2,Career Concern,Biaya kuliah dan keuangan,Netral
MHS-00171,Hukum,4,74,33,88,75,4,Balanced Wellbeing,Dukungan dosen dan dosen wali,Negatif
MHS-00172,MIPA,2,77,38,82,68,4,Balanced Wellbeing,Kecemasan karier dan magang,Negatif
MHS-00173,Hukum,1,64,53,94,66,4,Balanced Wellbeing,Dukungan dosen dan dosen wali,Negatif
MHS-00174,Kedokteran,6,43,60,46,73,3,Social Adaptation,Dukungan dosen dan dosen wali,Positif
MHS-00175,Ekonomi dan Bisnis,5,71,42,80,84,4,Balanced Wellbeing,Kegiatan dan komunitas,Negatif
MHS-00176,Teknik,7,47,75,63,37,2,Career Concern,Kesepian dan adaptasi sosial,Positif
MHS-00177,Kedokteran,8,55,72,57,51,2,Career Concern,Kecemasan karier dan magang,Negatif
MHS-00178,Hukum,4,83,54,74,70,4,Balanced Wellbeing,Dukungan dosen dan dosen wali,Negatif
MHS-00179,Ekonomi dan Bisnis,7,56,56,83,39,2,Career Concern,Dukungan dosen dan dosen wali,Positif
MHS-00180,Teknik,4,54,80,44,38,1,Academic Pressure,Layanan kampus dan fasilitas,Positif
MHS-00181,Ilmu Budaya,8,62,53,81,73,4,Balanced Wellbeing,Kecemasan karier dan magang,Positif
MHS-00182,Kedokteran,8,86,46,97,88,4,Balanced Wellbeing,Dukungan dosen dan dosen wali,Netral
MHS-00183,Ilmu Budaya,5,70,47,83,77,4,Balanced Wellbeing,Dukungan dosen dan dosen wali,Negatif
MHS-00184,Ilmu Budaya,6,50,57,48,44,3,Social Adaptation,Beban tugas dan ujian,Negatif
MHS-00185,Kedokteran,6,58,59,55,49,2,Career Concern,Biaya kuliah dan keuangan,Netral
MHS-00186,Hukum,5,59,71,57,45,2,Career Concern,Dukungan dosen dan dosen wali,Negatif
MHS-00187,MIPA,6,50,66,45,68,3,Social Adaptation,Kesepian dan adaptasi sosial,Netral
MHS-00188,Teknik,8,82,33,75,64,4,Balanced Wellbeing,Layanan kampus dan fasilitas,Netral
MHS-00189,Kedokteran,8,38,79,50,49,1,Academic Pressure,Beban tugas dan ujian,Netral
MHS-00190,MIPA,1,73,46,85,80,4,Balanced Wellbeing,Layanan kampus dan fasilitas,Negatif
MHS-00191,Kedokteran,2,63,47,59,42,2,Career Concern,Layanan kampus dan fasilitas,Positif
MHS-00192,Hukum,7,84,47,81,60,4,Balanced Wellbeing,Biaya kuliah dan keuangan,Positif
MHS-00193,Hukum,6,67,54,74,65,4,Balanced Wellbeing,Beban tugas dan ujian,Negatif
MHS-00194,Hukum,7,76,46,86,74,4,Balanced Wellbeing,Layanan kampus dan fasilitas,Negatif
MHS-00195,Hukum,7,54,97,55,49,1,Academic Pressure,Layanan kampus dan fasilitas,Positif
MHS-00196,Teknik,4,49,83,44,44,1,Academic Pressure,Dukungan dosen dan dosen wali,Negatif
MHS-00197,Hukum,6,76,41,85,73,4,Balanced Wellbeing,Layanan kampus dan fasilitas,Netral
MHS-00198,Teknik,3,65,69,63,50,2,Career Concern,Dukungan dosen dan dosen wali,Netral
MHS-00199,Ilmu Budaya,3,53,53,49,42,2,Career Concern,Biaya kuliah dan keuangan,Negatif
MHS-00200,MIPA,7,72,57,86,57,4,Balanced Wellbeing,Kesepian dan adaptasi sosial,Netral
MHS-00201,Hukum,4,37,67,57,49,1,Academic Pressure,Beban tugas dan ujian,Negatif
MHS-00202,Ilmu Budaya,4,81,58,78,63,4,Balanced Wellbeing,Kegiatan dan komunitas,Positif
MHS-00203,Ekonomi dan Bisnis,4,52,94,54,38,1,Academic Pressure,Kesepian dan adaptasi sosial,Positif
MHS-00204,Ilmu Budaya,8,50,58,61,53,2,Career Concern,Beban tugas dan ujian,Positif
MHS-00205,Hukum,3,60,66,77,48,2,Career Concern,Beban tugas dan ujian,Negatif
MHS-00206,Ilmu Budaya,6,62,65,50,54,2,Career Concern,Biaya kuliah dan keuangan,Positif
MHS-00207,MIPA,8,63,49,77,77,4,Balanced Wellbeing,Kecemasan karier dan magang,Positif
MHS-00208,Teknik,7,63,85,66,47,1,Academic Pressure,Kecemasan karier dan magang,Positif
MHS-00209,MIPA,8,40,81,46,43,1,Academic Pressure,Dukungan dosen dan dosen wali,Negatif
MHS-00210,Hukum,7,41,80,56,51,1,Academic Pressure,Kegiatan dan komunitas,Positif
MHS-00211,Ilmu Budaya,2,50,73,37,65,3,Social Adaptation,Biaya kuliah dan keuangan,Positif
MHS-00212,Hukum,1,71,60,100,86,4,Balanced Wellbeing,Beban tugas dan ujian,Negatif
MHS-00213,Kedokteran,2,49,58,44,48,3,Social Adaptation,Layanan kampus dan fasilitas,Positif
MHS-00214,Kedokteran,1,70,43,90,68,4,Balanced Wellbeing,Kecemasan karier dan magang,Positif
MHS-00215,Ekonomi dan Bisnis,4,50,49,35,59,3,Social Adaptation,Layanan kampus dan fasilitas,Positif
MHS-00216,MIPA,6,58,55,74,43,2,Career Concern,Beban tugas dan ujian,Negatif
MHS-00217,Hukum,5,41,54,44,56,3,Social Adaptation,Kegiatan dan komunitas,Positif
MHS-00218,MIPA,5,65,51,78,71,4,Balanced Wellbeing,Kegiatan dan komunitas,Negatif
MHS-00219,Teknik,1,58,55,56,48,2,Career Concern,Biaya kuliah dan keuangan,Negatif
MHS-00220,Teknik,6,38,86,51,51,1,Academic Pressure,Layanan kampus dan fasilitas,Negatif
MHS-00221,Ekonomi dan Bisnis,3,55,67,76,52,2,Career Concern,Dukungan dosen dan dosen wali,Negatif
MHS-00222,Teknik,6,65,63,53,48,2,Career Concern,Biaya kuliah dan keuangan,Positif
MHS-00223,MIPA,7,45,63,46,58,3,Social Adaptation,Kegiatan dan komunitas,Positif
MHS-00224,Hukum,4,69,37,76,84,4,Balanced Wellbeing,Kesepian dan adaptasi sosial,Negatif
MHS-00225,Ilmu Budaya,5,54,51,56,41,2,Career Concern,Kegiatan dan komunitas,Positif
MHS-00226,Hukum,8,53,81,55,50,1,Academic Pressure,Dukungan dosen dan dosen wali,Negatif
MHS-00227,Kedokteran,4,56,70,52,48,1,Academic Pressure,Biaya kuliah dan keuangan,Netral
MHS-00228,Hukum,7,57,81,47,57,1,Academic Pressure,Layanan kampus dan fasilitas,Negatif
MHS-00229,Hukum,6,61,36,84,77,4,Balanced Wellbeing,Kecemasan karier dan magang,Netral
MHS-00230,Teknik,2,39,69,46,56,3,Social Adaptation,Biaya kuliah dan keuangan,Negatif
MHS-00231,Hukum,3,51,69,26,60,3,Social Adaptation,Biaya kuliah dan keuangan,Positif
MHS-00232,Kedokteran,8,88,53,79,66,4,Balanced Wellbeing,Kegiatan dan komunitas,Negatif
MHS-00233,Teknik,1,55,53,57,57,2,Career Concern,Kegiatan dan komunitas,Negatif
MHS-00234,Ilmu Budaya,8,75,36,73,71,4,Balanced Wellbeing,Kecemasan karier dan magang,Positif
MHS-00235,Ilmu Budaya,7,39,69,44,52,3,Social Adaptation,Beban tugas dan ujian,Netral
MHS-00236,Kedokteran,4,79,47,83,70,4,Balanced Wellbeing,Kesepian dan adaptasi sosial,Negatif
MHS-00237,Kedokteran,8,72,53,76,76,4,Balanced Wellbeing,Layanan kampus dan fasilitas,Negatif
MHS-00238,Teknik,3,65,39,77,79,4,Balanced Wellbeing,Biaya kuliah dan keuangan,Netral
MHS-00239,Hukum,3,44,85,46,42,1,Academic Pressure,Layanan kampus dan fasilitas,Negatif
MHS-00240,Ekonomi dan Bisnis,7,64,35,88,71,4,Balanced Wellbeing,Layanan kampus dan fasilitas,Netral
MHS-00241,Ekonomi dan Bisnis,5,62,52,63,44,2,Career Concern,Beban tugas dan ujian,Negatif
MHS-00242,Teknik,5,57,46,58,42,2,Career Concern,Kegiatan dan komunitas,Netral
MHS-00243,Hukum,4,76,37,81,82,4,Balanced Wellbeing,Biaya kuliah dan keuangan,Positif
MHS-00244,Ekonomi dan Bisnis,6,89,54,90,83,4,Balanced Wellbeing,Kegiatan dan komunitas,Netral
MHS-00245,Kedokteran,3,49,87,61,54,1,Academic Pressure,Biaya kuliah dan keuangan,Positif
MHS-00246,Ilmu Budaya,1,58,44,81,70,4,Balanced Wellbeing,Biaya kuliah dan keuangan,Positif
MHS-00247,Ilmu Budaya,3,44,67,55,40,1,Academic Pressure,Layanan kampus dan fasilitas,Netral
MHS-00248,Hukum,6,51,68,44,59,1,Academic Pressure,Kesepian dan adaptasi sosial,Positif
MHS-00249,Kedokteran,2,74,33,68,77,4,Balanced Wellbeing,Kegiatan dan komunitas,Netral
MHS-00250,MIPA,8,46,96,49,60,1,Academic Pressure,Kegiatan dan komunitas,Negatif
MHS-00251,Ilmu Budaya,8,49,73,66,63,1,Academic Pressure,Beban tugas dan ujian,Positif
MHS-00252,Teknik,6,81,41,91,62,4,Balanced Wellbeing,Biaya kuliah dan keuangan,Negatif
MHS-00253,Teknik,2,38,72,55,43,1,Academic Pressure,Beban tugas dan ujian,Negatif
MHS-00254,Ilmu Budaya,3,49,62,35,61,3,Social Adaptation,Kesepian dan adaptasi sosial,Negatif
MHS-00255,Ekonomi dan Bisnis,3,41,97,63,62,1,Academic Pressure,Beban tugas dan ujian,Netral
MHS-00256,Hukum,8,56,48,66,50,2,Career Concern,Kegiatan dan komunitas,Negatif
MHS-00257,Ekonomi dan Bisnis,5,47,74,42,58,1,Academic Pressure,Dukungan dosen dan dosen wali,Negatif
MHS-00258,Kedokteran,4,52,49,44,48,3,Social Adaptation,Layanan kampus dan fasilitas,Netral
MHS-00259,Ekonomi dan Bisnis,8,52,48,38,65,3,Social Adaptation,Dukungan dosen dan dosen wali,Netral
MHS-00260,Kedokteran,3,79,44,86,66,4,Balanced Wellbeing,Kegiatan dan komunitas,Negatif
MHS-00261,Ilmu Budaya,5,55,62,55,48,3,Social Adaptation,Dukungan dosen dan dosen wali,Netral
MHS-00262,Teknik,4,51,52,63,46,2,Career Concern,Kegiatan dan komunitas,Negatif
MHS-00263,Ekonomi dan Bisnis,1,69,36,76,81,4,Balanced Wellbeing,Kecemasan karier dan magang,Negatif
MHS-00264,Hukum,3,45,74,37,53,3,Social Adaptation,Dukungan dosen dan dosen wali,Negatif
MHS-00265,Kedokteran,2,52,56,28,67,3,Social Adaptation,Kegiatan dan komunitas,Positif
MHS-00266,MIPA,6,48,83,31,51,3,Social Adaptation,Beban tugas dan ujian,Negatif
MHS-00267,MIPA,1,56,88,54,46,1,Academic Pressure,Beban tugas dan ujian,Positif
MHS-00268,Hukum,7,62,57,64,43,2,Career Concern,Kecemasan karier dan magang,Negatif
MHS-00269,Ekonomi dan Bisnis,4,64,63,44,43,2,Career Concern,Kegiatan dan komunitas,Netral
MHS-00270,Ilmu Budaya,1,85,35,78,77,4,Balanced Wellbeing,Biaya kuliah dan keuangan,Negatif
MHS-00271,Ekonomi dan Bisnis,4,39,64,24,58,3,Social Adaptation,Kecemasan karier dan magang,Negatif
MHS-00272,Hukum,7,66,46,62,43,2,Career Concern,Kegiatan dan komunitas,Positif
MHS-00273,Kedokteran,2,58,55,84,73,4,Balanced Wellbeing,Beban tugas dan ujian,Positif
MHS-00274,Ekonomi dan Bisnis,7,60,61,83,75,4,Balanced Wellbeing,Beban tugas dan ujian,Netral
MHS-00275,Hukum,6,43,97,62,48,1,Academic Pressure,Biaya kuliah dan keuangan,Negatif
MHS-00276,Kedokteran,7,48,78,61,57,1,Academic Pressure,Beban tugas dan ujian,Netral
MHS-00277,Hukum,1,57,64,68,54,2,Career Concern,Kecemasan karier dan magang,Positif
MHS-00278,Ekonomi dan Bisnis,1,42,89,52,46,1,Academic Pressure,Kesepian dan adaptasi sosial,Positif
MHS-00279,Ekonomi dan Bisnis,3,59,90,57,53,1,Academic Pressure,Kecemasan karier dan magang,Positif
MHS-00280,Teknik,4,44,58,38,56,3,Social Adaptation,Dukungan dosen dan dosen wali,Negatif
MHS-00281,MIPA,7,74,48,75,75,4,Balanced Wellbeing,Kegiatan dan komunitas,Positif
MHS-00282,Ekonomi dan Bisnis,1,47,73,60,52,2,Career Concern,Layanan kampus dan fasilitas,Netral
MHS-00283,Ekonomi dan Bisnis,4,55,59,61,48,2,Career Concern,Dukungan dosen dan dosen wali,Positif
MHS-00284,MIPA,6,55,51,63,36,2,Career Concern,Kesepian dan adaptasi sosial,Negatif
MHS-00285,Kedokteran,4,50,75,58,43,1,Academic Pressure,Kecemasan karier dan magang,Negatif
MHS-00286,Ilmu Budaya,6,78,44,85,73,4,Balanced Wellbeing,Kegiatan dan komunitas,Positif
MHS-00287,Kedokteran,3,57,52,51,37,2,Career Concern,Layanan kampus dan fasilitas,Positif
MHS-00288,MIPA,4,71,44,82,74,4,Balanced Wellbeing,Beban tugas dan ujian,Netral
MHS-00289,Kedokteran,1,56,91,68,44,1,Academic Pressure,Beban tugas dan ujian,Negatif
MHS-00290,Hukum,7,40,80,66,57,1,Academic Pressure,Layanan kampus dan fasilitas,Negatif
MHS-00291,Ekonomi dan Bisnis,6,61,77,66,49,1,Academic Pressure,Kecemasan karier dan magang,Netral
MHS-00292,MIPA,7,74,50,92,74,4,Balanced Wellbeing,Kegiatan dan komunitas,Positif
MHS-00293,Ilmu Budaya,3,68,52,39,68,3,Social Adaptation,Biaya kuliah dan keuangan,Positif
MHS-00294,Kedokteran,8,50,79,52,40,1,Academic Pressure,Beban tugas dan ujian,Negatif
MHS-00295,Ekonomi dan Bisnis,7,48,82,45,60,1,Academic Pressure,Kesepian dan adaptasi sosial,Positif
MHS-00296,Ilmu Budaya,2,78,35,80,68,4,Balanced Wellbeing,Kegiatan dan komunitas,Positif
MHS-00297,MIPA,2,80,48,70,83,4,Balanced Wellbeing,Biaya kuliah dan keuangan,Netral
MHS-00298,Teknik,6,52,80,58,49,1,Academic Pressure,Kecemasan karier dan magang,Positif
MHS-00299,Ilmu Budaya,8,64,43,78,77,4,Balanced Wellbeing,Kecemasan karier dan magang,Negatif
MHS-00300,Hukum,5,69,39,84,77,4,Balanced Wellbeing,Beban tugas dan ujian,Negatif
MHS-00301,Kedokteran,7,62,56,57,37,2,Career Concern,Biaya kuliah dan keuangan,Negatif
MHS-00302,Teknik,2,53,73,62,62,1,Academic Pressure,Dukungan dosen dan dosen wali,Negatif
MHS-00303,MIPA,8,35,56,41,50,3,Social Adaptation,Layanan kampus dan fasilitas,Positif
MHS-00304,Hukum,3,73,36,91,65,4,Balanced Wellbeing,Beban tugas dan ujian,Positif
MHS-00305,Hukum,7,49,87,58,52,1,Academic Pressure,Kecemasan karier dan magang,Positif
MHS-00306,Ilmu Budaya,6,63,72,62,55,1,Academic Pressure,Kegiatan dan komunitas,Negatif
MHS-00307,Ekonomi dan Bisnis,2,69,39,72,78,4,Balanced Wellbeing,Beban tugas dan ujian,Netral
MHS-00308,MIPA,8,45,68,31,64,3,Social Adaptation,Beban tugas dan ujian,Negatif
MHS-00309,Teknik,8,43,66,46,49,3,Social Adaptation,Biaya kuliah dan keuangan,Positif
MHS-00310,Ekonomi dan Bisnis,3,56,69,60,40,2,Career Concern,Biaya kuliah dan keuangan,Positif
MHS-00311,Ilmu Budaya,8,38,87,57,57,1,Academic Pressure,Kegiatan dan komunitas,Netral
MHS-00312,MIPA,1,87,51,68,81,4,Balanced Wellbeing,Kecemasan karier dan magang,Negatif
MHS-00313,Ilmu Budaya,7,30,86,53,45,1,Academic Pressure,Dukungan dosen dan dosen wali,Positif
MHS-00314,Kedokteran,3,38,66,52,45,2,Career Concern,Kegiatan dan komunitas,Positif
MHS-00315,Ekonomi dan Bisnis,4,54,63,43,34,2,Career Concern,Dukungan dosen dan dosen wali,Negatif
MHS-00316,Ekonomi dan Bisnis,1,87,43,75,74,4,Balanced Wellbeing,Kecemasan karier dan magang,Negatif
MHS-00317,Kedokteran,4,70,39,74,79,4,Balanced Wellbeing,Kesepian dan adaptasi sosial,Negatif
MHS-00318,MIPA,5,80,63,52,54,3,Social Adaptation,Biaya kuliah dan keuangan,Netral
MHS-00319,Hukum,5,55,65,51,27,2,Career Concern,Kecemasan karier dan magang,Negatif
MHS-00320,Hukum,1,79,35,73,63,4,Balanced Wellbeing,Dukungan dosen dan dosen wali,Negatif
MHS-00321,Kedokteran,4,57,49,76,43,2,Career Concern,Dukungan dosen dan dosen wali,Netral
MHS-00322,Ekonomi dan Bisnis,5,34,61,46,44,3,Social Adaptation,Beban tugas dan ujian,Negatif
MHS-00323,Ekonomi dan Bisnis,6,66,51,47,51,3,Social Adaptation,Kecemasan karier dan magang,Positif
MHS-00324,Hukum,2,57,66,67,36,2,Career Concern,Kesepian dan adaptasi sosial,Positif
MHS-00325,Ekonomi dan Bisnis,6,57,62,64,40,2,Career Concern,Kesepian dan adaptasi sosial,Positif
MHS-00326,Ekonomi dan Bisnis,6,51,78,61,55,1,Academic Pressure,Dukungan dosen dan dosen wali,Negatif
MHS-00327,Ekonomi dan Bisnis,7,71,43,83,60,4,Balanced Wellbeing,Dukungan dosen dan dosen wali,Negatif
MHS-00328,MIPA,4,35,79,71,46,1,Academic Pressure,Beban tugas dan ujian,Netral
MHS-00329,Ekonomi dan Bisnis,2,73,49,72,81,4,Balanced Wellbeing,Kegiatan dan komunitas,Negatif
MHS-00330,Ilmu Budaya,6,41,60,36,54,3,Social Adaptation,Kegiatan dan komunitas,Negatif
MHS-00331,MIPA,3,59,72,70,53,2,Career Concern,Beban tugas dan ujian,Negatif
MHS-00332,Hukum,2,75,55,100,81,4,Balanced Wellbeing,Dukungan dosen dan dosen wali,Positif
MHS-00333,Hukum,1,62,64,60,38,2,Career Concern,Biaya kuliah dan keuangan,Negatif
MHS-00334,MIPA,2,47,54,45,52,3,Social Adaptation,Biaya kuliah dan keuangan,Negatif
MHS-00335,Kedokteran,3,47,91,58,63,1,Academic Pressure,Beban tugas dan ujian,Netral
MHS-00336,MIPA,8,58,61,65,46,2,Career Concern,Kecemasan karier dan magang,Positif
MHS-00337,Kedokteran,8,85,39,58,79,4,Balanced Wellbeing,Beban tugas dan ujian,Negatif
MHS-00338,Teknik,1,60,53,61,40,2,Career Concern,Kegiatan dan komunitas,Negatif
MHS-00339,Kedokteran,3,82,44,79,66,4,Balanced Wellbeing,Beban tugas dan ujian,Negatif
MHS-00340,Teknik,3,66,48,53,32,2,Career Concern,Dukungan dosen dan dosen wali,Positif
MHS-00341,MIPA,7,55,77,47,48,1,Academic Pressure,Kegiatan dan komunitas,Negatif
MHS-00342,Ilmu Budaya,8,80,45,83,72,4,Balanced Wellbeing,Beban tugas dan ujian,Negatif
MHS-00343,Hukum,6,62,43,79,68,4,Balanced Wellbeing,Layanan kampus dan fasilitas,Netral
MHS-00344,MIPA,1,50,69,34,50,3,Social Adaptation,Beban tugas dan ujian,Netral
MHS-00345,Kedokteran,1,78,43,74,74,4,Balanced Wellbeing,Layanan kampus dan fasilitas,Negatif
MHS-00346,Ilmu Budaya,6,34,85,40,57,1,Academic Pressure,Beban tugas dan ujian,Positif
MHS-00347,MIPA,5,67,62,68,31,2,Career Concern,Layanan kampus dan fasilitas,Netral
MHS-00348,MIPA,8,64,46,66,38,2,Career Concern,Dukungan dosen dan dosen wali,Netral
MHS-00349,Kedokteran,6,77,53,89,55,4,Balanced Wellbeing,Dukungan dosen dan dosen wali,Negatif
MHS-00350,Teknik,7,75,37,79,79,4,Balanced Wellbeing,Kecemasan karier dan magang,Negatif
MHS-00351,Ilmu Budaya,8,32,91,60,42,1,Academic Pressure,Dukungan dosen dan dosen wali,Netral
MHS-00352,MIPA,3,47,71,45,56,1,Academic Pressure,Dukungan dosen dan dosen wali,Netral
MHS-00353,MIPA,4,44,50,54,43,2,Career Concern,Biaya kuliah dan keuangan,Negatif
MHS-00354,Hukum,6,83,54,87,67,4,Balanced Wellbeing,Dukungan dosen dan dosen wali,Positif
MHS-00355,Hukum,3,45,70,58,49,1,Academic Pressure,Layanan kampus dan fasilitas,Netral
MHS-00356,Hukum,5,66,41,91,69,4,Balanced Wellbeing,Kegiatan dan komunitas,Negatif
MHS-00357,Kedokteran,5,60,60,60,57,2,Career Concern,Kecemasan karier dan magang,Positif
MHS-00358,Hukum,4,90,48,92,83,4,Balanced Wellbeing,Dukungan dosen dan dosen wali,Netral
MHS-00359,Ilmu Budaya,6,71,34,87,76,4,Balanced Wellbeing,Layanan kampus dan fasilitas,Negatif
MHS-00360,Hukum,6,81,39,81,85,4,Balanced Wellbeing,Kegiatan dan komunitas,Netral
MHS-00361,Ekonomi dan Bisnis,2,79,54,83,73,4,Balanced Wellbeing,Kesepian dan adaptasi sosial,Negatif
MHS-00362,Teknik,3,48,81,36,55,1,Academic Pressure,Biaya kuliah dan keuangan,Netral
MHS-00363,Hukum,6,71,59,77,73,4,Balanced Wellbeing,Layanan kampus dan fasilitas,Negatif
MHS-00364,Ekonomi dan Bisnis,6,49,65,66,47,2,Career Concern,Biaya kuliah dan keuangan,Negatif
MHS-00365,Hukum,6,64,61,39,57,3,Social Adaptation,Kesepian dan adaptasi sosial,Negatif
MHS-00366,Teknik,7,64,86,44,61,1,Academic Pressure,Biaya kuliah dan keuangan,Netral
MHS-00367,Hukum,4,65,56,77,74,4,Balanced Wellbeing,Biaya kuliah dan keuangan,Netral
MHS-00368,Ekonomi dan Bisnis,7,75,45,90,78,4,Balanced Wellbeing,Kegiatan dan komunitas,Negatif
MHS-00369,Ekonomi dan Bisnis,1,77,34,92,69,4,Balanced Wellbeing,Kesepian dan adaptasi sosial,Netral
MHS-00370,Ilmu Budaya,7,47,85,62,36,1,Academic Pressure,Kesepian dan adaptasi sosial,Netral
MHS-00371,MIPA,1,38,59,28,48,3,Social Adaptation,Dukungan dosen dan dosen wali,Positif
MHS-00372,Ilmu Budaya,7,53,49,58,61,2,Career Concern,Kegiatan dan komunitas,Netral
MHS-00373,Ekonomi dan Bisnis,5,36,91,35,46,1,Academic Pressure,Dukungan dosen dan dosen wali,Positif
MHS-00374,Teknik,1,51,61,41,54,3,Social Adaptation,Layanan kampus dan fasilitas,Netral
MHS-00375,Hukum,3,57,42,57,50,2,Career Concern,Kecemasan karier dan magang,Negatif
MHS-00376,MIPA,8,43,72,67,56,1,Academic Pressure,Dukungan dosen dan dosen wali,Netral
MHS-00377,Hukum,4,46,72,52,55,1,Academic Pressure,Beban tugas dan ujian,Negatif
MHS-00378,MIPA,6,52,70,60,39,2,Career Concern,Kegiatan dan komunitas,Negatif
MHS-00379,Ekonomi dan Bisnis,6,50,94,40,57,1,Academic Pressure,Kesepian dan adaptasi sosial,Negatif
MHS-00380,Ekonomi dan Bisnis,4,54,71,46,44,3,Social Adaptation,Biaya kuliah dan keuangan,Positif
MHS-00381,MIPA,4,82,36,84,64,4,Balanced Wellbeing,Beban tugas dan ujian,Netral
MHS-00382,Hukum,5,59,52,64,57,2,Career Concern,Kecemasan karier dan magang,Negatif
MHS-00383,Ekonomi dan Bisnis,3,49,46,65,33,2,Career Concern,Kesepian dan adaptasi sosial,Negatif
MHS-00384,Ilmu Budaya,4,83,56,82,73,4,Balanced Wellbeing,Beban tugas dan ujian,Negatif
MHS-00385,Teknik,6,52,54,52,49,3,Social Adaptation,Beban tugas dan ujian,Netral
MHS-00386,Kedokteran,2,75,55,85,84,4,Balanced Wellbeing,Layanan kampus dan fasilitas,Negatif
MHS-00387,Teknik,3,61,53,66,27,2,Career Concern,Kesepian dan adaptasi sosial,Negatif
MHS-00388,Ekonomi dan Bisnis,7,50,88,54,48,1,Academic Pressure,Kegiatan dan komunitas,Negatif
MHS-00389,Ekonomi dan Bisnis,3,48,53,56,47,2,Career Concern,Kecemasan karier dan magang,Netral
MHS-00390,MIPA,1,47,87,65,49,1,Academic Pressure,Dukungan dosen dan dosen wali,Positif
MHS-00391,Ilmu Budaya,3,40,76,49,52,1,Academic Pressure,Kegiatan dan komunitas,Netral
MHS-00392,Teknik,4,56,72,47,52,3,Social Adaptation,Kesepian dan adaptasi sosial,Negatif
MHS-00393,Ilmu Budaya,1,67,45,82,76,4,Balanced Wellbeing,Kegiatan dan komunitas,Netral
MHS-00394,Hukum,7,58,56,56,58,3,Social Adaptation,Layanan kampus dan fasilitas,Negatif
MHS-00395,Hukum,2,66,56,62,36,2,Career Concern,Kesepian dan adaptasi sosial,Negatif
MHS-00396,Hukum,1,72,62,75,76,4,Balanced Wellbeing,Layanan kampus dan fasilitas,Netral
MHS-00397,MIPA,5,50,74,61,57,1,Academic Pressure,Biaya kuliah dan keuangan,Positif
MHS-00398,Ilmu Budaya,3,52,47,50,51,2,Career Concern,Biaya kuliah dan keuangan,Netral
MHS-00399,Teknik,4,51,54,48,70,3,Social Adaptation,Kesepian dan adaptasi sosial,Positif
MHS-00400,Teknik,3,61,45,52,36,2,Career Concern,Kesepian dan adaptasi sosial,Positif
MHS-00401,Teknik,1,55,78,60,54,1,Academic Pressure,Dukungan dosen dan dosen wali,Negatif
MHS-00402,Hukum,8,47,51,51,53,3,Social Adaptation,Kesepian dan adaptasi sosial,Negatif
MHS-00403,MIPA,3,54,75,25,57,3,Social Adaptation,Dukungan dosen dan dosen wali,Negatif
MHS-00404,MIPA,4,61,81,50,58,1,Academic Pressure,Layanan kampus dan fasilitas,Negatif
MHS-00405,Kedokteran,4,48,51,31,54,3,Social Adaptation,Layanan kampus dan fasilitas,Positif
MHS-00406,Kedokteran,2,52,90,46,48,1,Academic Pressure,Kegiatan dan komunitas,Netral
MHS-00407,Ekonomi dan Bisnis,6,75,54,73,80,4,Balanced Wellbeing,Kegiatan dan komunitas,Negatif
MHS-00408,Hukum,4,50,83,37,32,1,Academic Pressure,Kegiatan dan komunitas,Negatif
MHS-00409,Kedokteran,2,50,76,64,58,1,Academic Pressure,Layanan kampus dan fasilitas,Positif
MHS-00410,Ilmu Budaya,4,73,65,72,57,4,Balanced Wellbeing,Kecemasan karier dan magang,Positif
MHS-00411,Teknik,8,48,93,57,55,1,Academic Pressure,Layanan kampus dan fasilitas,Negatif
MHS-00412,MIPA,5,71,51,93,64,4,Balanced Wellbeing,Kesepian dan adaptasi sosial,Negatif
MHS-00413,MIPA,1,58,55,53,42,2,Career Concern,Layanan kampus dan fasilitas,Negatif
MHS-00414,Hukum,4,65,66,61,44,2,Career Concern,Kesepian dan adaptasi sosial,Netral
MHS-00415,Kedokteran,3,42,80,44,53,1,Academic Pressure,Kesepian dan adaptasi sosial,Negatif
MHS-00416,Hukum,4,50,65,41,34,2,Career Concern,Kegiatan dan komunitas,Negatif
MHS-00417,Teknik,3,54,63,66,42,2,Career Concern,Kesepian dan adaptasi sosial,Negatif
MHS-00418,MIPA,1,47,48,34,67,3,Social Adaptation,Kesepian dan adaptasi sosial,Negatif
MHS-00419,Kedokteran,5,49,78,54,45,1,Academic Pressure,Biaya kuliah dan keuangan,Negatif
MHS-00420,Kedokteran,6,79,55,77,70,4,Balanced Wellbeing,Biaya kuliah dan keuangan,Netral
MHS-00421,Ekonomi dan Bisnis,6,71,50,76,70,4,Balanced Wellbeing,Kesepian dan adaptasi sosial,Netral
MHS-00422,Kedokteran,7,51,86,52,58,1,Academic Pressure,Biaya kuliah dan keuangan,Positif
MHS-00423,Ekonomi dan Bisnis,4,67,44,87,87,4,Balanced Wellbeing,Dukungan dosen dan dosen wali,Negatif
MHS-00424,Teknik,1,45,84,63,48,1,Academic Pressure,Kegiatan dan komunitas,Negatif
MHS-00425,Ekonomi dan Bisnis,5,54,91,60,47,1,Academic Pressure,Kesepian dan adaptasi sosial,Netral
MHS-00426,MIPA,5,39,68,50,60,1,Academic Pressure,Layanan kampus dan fasilitas,Negatif
MHS-00427,MIPA,5,38,75,48,44,1,Academic Pressure,Biaya kuliah dan keuangan,Negatif
MHS-00428,Ekonomi dan Bisnis,6,54,62,71,44,2,Career Concern,Biaya kuliah dan keuangan,Negatif
MHS-00429,Ekonomi dan Bisnis,1,74,46,73,76,4,Balanced Wellbeing,Layanan kampus dan fasilitas,Negatif
MHS-00430,Kedokteran,2,64,71,55,48,2,Career Concern,Kesepian dan adaptasi sosial,Netral
MHS-00431,Kedokteran,7,47,56,32,50,3,Social Adaptation,Kecemasan karier dan magang,Positif
MHS-00432,Teknik,3,45,57,34,54,3,Social Adaptation,Beban tugas dan ujian,Positif
MHS-00433,Teknik,8,64,66,65,44,2,Career Concern,Kecemasan karier dan magang,Negatif
MHS-00434,Ekonomi dan Bisnis,1,62,49,72,87,4,Balanced Wellbeing,Biaya kuliah dan keuangan,Positif
MHS-00435,Hukum,4,56,69,56,48,1,Academic Pressure,Kesepian dan adaptasi sosial,Positif
MHS-00436,Ilmu Budaya,7,34,85,32,48,1,Academic Pressure,Dukungan dosen dan dosen wali,Positif
MHS-00437,Kedokteran,4,75,35,86,80,4,Balanced Wellbeing,Biaya kuliah dan keuangan,Positif
MHS-00438,Teknik,7,43,76,58,57,1,Academic Pressure,Kegiatan dan komunitas,Negatif
MHS-00439,Ilmu Budaya,2,74,41,80,68,4,Balanced Wellbeing,Dukungan dosen dan dosen wali,Netral
MHS-00440,Ekonomi dan Bisnis,8,60,66,33,44,3,Social Adaptation,Kecemasan karier dan magang,Negatif
MHS-00441,Hukum,3,68,51,69,45,2,Career Concern,Biaya kuliah dan keuangan,Positif
MHS-00442,Hukum,8,56,55,64,50,2,Career Concern,Biaya kuliah dan keuangan,Positif
MHS-00443,Ilmu Budaya,1,39,80,59,42,1,Academic Pressure,Kegiatan dan komunitas,Netral
MHS-00444,Hukum,7,56,71,55,64,1,Academic Pressure,Kecemasan karier dan magang,Netral
MHS-00445,Teknik,1,44,72,45,64,3,Social Adaptation,Kegiatan dan komunitas,Positif
MHS-00446,Ilmu Budaya,5,48,83,50,45,1,Academic Pressure,Beban tugas dan ujian,Negatif
MHS-00447,Hukum,1,78,54,82,71,4,Balanced Wellbeing,Biaya kuliah dan keuangan,Netral
MHS-00448,Teknik,5,54,45,61,46,2,Career Concern,Beban tugas dan ujian,Positif
MHS-00449,Hukum,3,70,44,74,73,4,Balanced Wellbeing,Layanan kampus dan fasilitas,Positif
MHS-00450,Ekonomi dan Bisnis,3,44,68,29,43,3,Social Adaptation,Layanan kampus dan fasilitas,Negatif
MHS-00451,Kedokteran,6,69,48,70,96,4,Balanced Wellbeing,Kesepian dan adaptasi sosial,Positif
MHS-00452,Kedokteran,6,44,59,39,39,3,Social Adaptation,Kesepian dan adaptasi sosial,Negatif
MHS-00453,Kedokteran,4,68,40,86,73,4,Balanced Wellbeing,Kecemasan karier dan magang,Positif
MHS-00454,Ekonomi dan Bisnis,2,48,72,20,51,3,Social Adaptation,Beban tugas dan ujian,Negatif
MHS-00455,MIPA,4,76,52,76,83,4,Balanced Wellbeing,Dukungan dosen dan dosen wali,Negatif
MHS-00456,Hukum,5,68,52,63,40,2,Career Concern,Beban tugas dan ujian,Positif
MHS-00457,Teknik,4,48,74,58,44,1,Academic Pressure,Dukungan dosen dan dosen wali,Netral
MHS-00458,Ekonomi dan Bisnis,6,70,50,89,76,4,Balanced Wellbeing,Layanan kampus dan fasilitas,Netral
MHS-00459,Ilmu Budaya,5,89,43,76,72,4,Balanced Wellbeing,Kegiatan dan komunitas,Negatif
MHS-00460,Hukum,3,57,64,46,62,3,Social Adaptation,Kegiatan dan komunitas,Negatif
MHS-00461,Teknik,5,53,72,37,52,3,Social Adaptation,Kegiatan dan komunitas,Negatif
MHS-00462,Hukum,1,41,85,57,58,1,Academic Pressure,Kegiatan dan komunitas,Negatif
MHS-00463,Ekonomi dan Bisnis,6,71,47,94,78,4,Balanced Wellbeing,Kecemasan karier dan magang,Positif
MHS-00464,Teknik,6,65,76,65,41,1,Academic Pressure,Dukungan dosen dan dosen wali,Positif
MHS-00465,MIPA,8,57,54,49,40,2,Career Concern,Layanan kampus dan fasilitas,Positif
MHS-00466,Kedokteran,4,37,76,59,53,1,Academic Pressure,Kegiatan dan komunitas,Netral
MHS-00467,Kedokteran,2,86,50,70,58,4,Balanced Wellbeing,Beban tugas dan ujian,Negatif
MHS-00468,MIPA,2,63,45,87,68,4,Balanced Wellbeing,Kecemasan karier dan magang,Negatif
MHS-00469,Hukum,3,93,50,76,82,4,Balanced Wellbeing,Beban tugas dan ujian,Negatif
MHS-00470,Ilmu Budaya,1,57,80,59,41,1,Academic Pressure,Layanan kampus dan fasilitas,Positif
MHS-00471,Hukum,4,66,69,50,42,2,Career Concern,Kesepian dan adaptasi sosial,Negatif
MHS-00472,MIPA,4,71,54,81,78,4,Balanced Wellbeing,Kegiatan dan komunitas,Negatif
MHS-00473,MIPA,3,60,53,81,62,4,Balanced Wellbeing,Biaya kuliah dan keuangan,Negatif
MHS-00474,Ilmu Budaya,7,50,78,61,53,1,Academic Pressure,Biaya kuliah dan keuangan,Negatif
MHS-00475,MIPA,5,73,59,84,77,4,Balanced Wellbeing,Layanan kampus dan fasilitas,Netral
MHS-00476,MIPA,8,42,71,28,59,3,Social Adaptation,Dukungan dosen dan dosen wali,Netral
MHS-00477,Kedokteran,7,60,64,44,55,2,Career Concern,Kecemasan karier dan magang,Positif
MHS-00478,Kedokteran,8,68,71,61,45,1,Academic Pressure,Kecemasan karier dan magang,Negatif
MHS-00479,MIPA,1,74,38,89,70,4,Balanced Wellbeing,Layanan kampus dan fasilitas,Negatif
MHS-00480,Ilmu Budaya,1,76,55,82,73,4,Balanced Wellbeing,Kecemasan karier dan magang,Negatif
MHS-00481,MIPA,3,67,48,77,72,4,Balanced Wellbeing,Kesepian dan adaptasi sosial,Positif
MHS-00482,Ilmu Budaya,6,51,63,53,47,1,Academic Pressure,Kesepian dan adaptasi sosial,Negatif
MHS-00483,Hukum,3,78,43,74,84,4,Balanced Wellbeing,Dukungan dosen dan dosen wali,Positif
MHS-00484,MIPA,3,60,68,34,36,3,Social Adaptation,Kesepian dan adaptasi sosial,Netral
MHS-00485,Hukum,1,69,48,64,47,2,Career Concern,Kesepian dan adaptasi sosial,Negatif
MHS-00486,Kedokteran,1,65,75,62,43,2,Career Concern,Kesepian dan adaptasi sosial,Negatif
MHS-00487,Ilmu Budaya,2,44,62,33,50,3,Social Adaptation,Layanan kampus dan fasilitas,Netral
MHS-00488,Hukum,6,36,56,42,59,3,Social Adaptation,Beban tugas dan ujian,Negatif
MHS-00489,Ekonomi dan Bisnis,5,48,64,57,74,3,Social Adaptation,Layanan kampus dan fasilitas,Netral
MHS-00490,Kedokteran,6,63,59,36,59,3,Social Adaptation,Biaya kuliah dan keuangan,Positif
MHS-00491,Kedokteran,7,84,49,91,84,4,Balanced Wellbeing,Layanan kampus dan fasilitas,Negatif
MHS-00492,MIPA,5,59,60,48,64,3,Social Adaptation,Kesepian dan adaptasi sosial,Netral
MHS-00493,Hukum,8,73,49,71,70,4,Balanced Wellbeing,Kesepian dan adaptasi sosial,Positif
MHS-00494,Hukum,4,59,63,48,47,2,Career Concern,Kegiatan dan komunitas,Netral
MHS-00495,Kedokteran,2,59,54,54,34,2,Career Concern,Biaya kuliah dan keuangan,Negatif
MHS-00496,Ekonomi dan Bisnis,4,43,88,36,43,1,Academic Pressure,Biaya kuliah dan keuangan,Positif
MHS-00497,MIPA,6,62,60,66,51,2,Career Concern,Kesepian dan adaptasi sosial,Positif
MHS-00498,Ekonomi dan Bisnis,6,72,58,76,83,4,Balanced Wellbeing,Kegiatan dan komunitas,Positif
MHS-00499,Ekonomi dan Bisnis,7,51,75,47,58,1,Academic Pressure,Kecemasan karier dan magang,Netral
MHS-00500,Ekonomi dan Bisnis,6,75,47,71,78,4,Balanced Wellbeing,Kesepian dan adaptasi sosial,Positif
MHS-00501,MIPA,1,46,83,56,55,1,Academic Pressure,Kegiatan dan komunitas,Negatif
MHS-00502,Teknik,3,74,36,80,69,4,Balanced Wellbeing,Kecemasan karier dan magang,Positif
MHS-00503,Teknik,6,68,62,33,48,3,Social Adaptation,Kesepian dan adaptasi sosial,Positif
MHS-00504,Ekonomi dan Bisnis,4,89,47,76,69,4,Balanced Wellbeing,Biaya kuliah dan keuangan,Negatif
MHS-00505,MIPA,2,51,87,66,53,1,Academic Pressure,Kecemasan karier dan magang,Netral
MHS-00506,Kedokteran,8,79,36,83,80,4,Balanced Wellbeing,Beban tugas dan ujian,Negatif
MHS-00507,MIPA,8,55,84,59,61,1,Academic Pressure,Layanan kampus dan fasilitas,Negatif
MHS-00508,MIPA,3,77,42,92,67,4,Balanced Wellbeing,Beban tugas dan ujian,Positif
MHS-00509,Ekonomi dan Bisnis,3,52,48,56,45,2,Career Concern,Kegiatan dan komunitas,Positif
MHS-00510,Ilmu Budaya,1,54,78,59,46,1,Academic Pressure,Beban tugas dan ujian,Negatif
MHS-00511,Hukum,2,49,71,57,54,1,Academic Pressure,Biaya kuliah dan keuangan,Netral
MHS-00512,Ilmu Budaya,7,53,56,62,48,2,Career Concern,Beban tugas dan ujian,Negatif
MHS-00513,Hukum,2,63,51,74,72,4,Balanced Wellbeing,Dukungan dosen dan dosen wali,Positif
MHS-00514,Ilmu Budaya,2,40,64,40,53,3,Social Adaptation,Layanan kampus dan fasilitas,Negatif
MHS-00515,MIPA,1,46,60,74,51,2,Career Concern,Kegiatan dan komunitas,Negatif
MHS-00516,MIPA,5,53,57,59,37,2,Career Concern,Kesepian dan adaptasi sosial,Netral
MHS-00517,Teknik,6,42,55,47,45,3,Social Adaptation,Layanan kampus dan fasilitas,Positif
MHS-00518,MIPA,7,81,50,88,75,4,Balanced Wellbeing,Dukungan dosen dan dosen wali,Negatif
MHS-00519,Kedokteran,7,45,54,40,65,3,Social Adaptation,Kecemasan karier dan magang,Negatif
MHS-00520,Ekonomi dan Bisnis,2,45,78,63,44,1,Academic Pressure,Kecemasan karier dan magang,Netral
MHS-00521,MIPA,8,69,40,84,82,4,Balanced Wellbeing,Kesepian dan adaptasi sosial,Negatif
MHS-00522,MIPA,6,53,57,29,57,3,Social Adaptation,Beban tugas dan ujian,Positif
MHS-00523,Kedokteran,8,35,83,63,62,1,Academic Pressure,Layanan kampus dan fasilitas,Negatif
MHS-00524,MIPA,5,56,39,72,49,2,Career Concern,Layanan kampus dan fasilitas,Negatif
MHS-00525,Kedokteran,5,49,59,61,35,2,Career Concern,Kecemasan karier dan magang,Negatif
MHS-00526,Teknik,5,73,44,75,74,4,Balanced Wellbeing,Kegiatan dan komunitas,Positif
MHS-00527,Kedokteran,5,60,88,54,63,1,Academic Pressure,Beban tugas dan ujian,Positif
MHS-00528,Ekonomi dan Bisnis,8,71,39,86,86,4,Balanced Wellbeing,Kecemasan karier dan magang,Positif
MHS-00529,Ilmu Budaya,7,59,96,60,59,1,Academic Pressure,Kecemasan karier dan magang,Netral
MHS-00530,Teknik,3,51,59,36,72,3,Social Adaptation,Kesepian dan adaptasi sosial,Negatif
MHS-00531,Ekonomi dan Bisnis,7,68,44,77,65,4,Balanced Wellbeing,Beban tugas dan ujian,Negatif
MHS-00532,Kedokteran,7,38,56,70,49,2,Career Concern,Layanan kampus dan fasilitas,Positif
MHS-00533,Hukum,4,57,88,44,60,1,Academic Pressure,Dukungan dosen dan dosen wali,Netral
MHS-00534,Teknik,1,56,61,39,58,3,Social Adaptation,Kesepian dan adaptasi sosial,Negatif
MHS-00535,MIPA,4,46,87,58,52,1,Academic Pressure,Layanan kampus dan fasilitas,Netral
MHS-00536,Ekonomi dan Bisnis,2,84,54,88,67,4,Balanced Wellbeing,Dukungan dosen dan dosen wali,Negatif
MHS-00537,Hukum,6,22,89,56,39,1,Academic Pressure,Biaya kuliah dan keuangan,Negatif
MHS-00538,Ilmu Budaya,2,56,62,68,42,2,Career Concern,Kesepian dan adaptasi sosial,Positif
MHS-00539,Teknik,8,57,68,27,62,3,Social Adaptation,Dukungan dosen dan dosen wali,Negatif
MHS-00540,Teknik,1,76,44,68,74,4,Balanced Wellbeing,Dukungan dosen dan dosen wali,Negatif
MHS-00541,Ilmu Budaya,2,70,60,63,34,2,Career Concern,Layanan kampus dan fasilitas,Negatif
MHS-00542,Kedokteran,7,83,52,87,73,4,Balanced Wellbeing,Beban tugas dan ujian,Netral
MHS-00543,Hukum,4,53,61,24,61,3,Social Adaptation,Kecemasan karier dan magang,Netral
MHS-00544,Hukum,8,55,62,58,35,2,Career Concern,Dukungan dosen dan dosen wali,Negatif
MHS-00545,Ilmu Budaya,8,76,53,83,62,4,Balanced Wellbeing,Beban tugas dan ujian,Negatif
MHS-00546,Hukum,3,58,91,50,44,1,Academic Pressure,Dukungan dosen dan dosen wali,Netral
MHS-00547,Hukum,3,42,74,57,50,1,Academic Pressure,Beban tugas dan ujian,Negatif
MHS-00548,Teknik,2,71,47,67,66,4,Balanced Wellbeing,Kesepian dan adaptasi sosial,Netral
MHS-00549,Teknik,3,40,94,54,43,1,Academic Pressure,Biaya kuliah dan keuangan,Positif
MHS-00550,Hukum,6,47,65,43,64,3,Social Adaptation,Layanan kampus dan fasilitas,Negatif
MHS-00551,Ilmu Budaya,2,50,71,51,55,1,Academic Pressure,Beban tugas dan ujian,Negatif
MHS-00552,Ekonomi dan Bisnis,4,47,74,40,49,3,Social Adaptation,Kecemasan karier dan magang,Netral
MHS-00553,Teknik,5,74,44,84,82,4,Balanced Wellbeing,Biaya kuliah dan keuangan,Negatif
MHS-00554,MIPA,4,86,44,95,56,4,Balanced Wellbeing,Kesepian dan adaptasi sosial,Positif
MHS-00555,Ekonomi dan Bisnis,3,51,70,63,50,1,Academic Pressure,Dukungan dosen dan dosen wali,Positif
MHS-00556,Teknik,1,47,93,61,46,1,Academic Pressure,Layanan kampus dan fasilitas,Negatif
MHS-00557,Ekonomi dan Bisnis,6,58,74,49,48,1,Academic Pressure,Kecemasan karier dan magang,Positif
MHS-00558,Ilmu Budaya,1,81,40,81,82,4,Balanced Wellbeing,Kesepian dan adaptasi sosial,Negatif
MHS-00559,Ekonomi dan Bisnis,6,66,69,47,27,2,Career Concern,Kecemasan karier dan magang,Negatif
MHS-00560,Kedokteran,3,39,83,55,46,1,Academic Pressure,Kegiatan dan komunitas,Positif
MHS-00561,Ekonomi dan Bisnis,8,44,60,29,63,3,Social Adaptation,Kegiatan dan komunitas,Negatif
MHS-00562,Ekonomi dan Bisnis,1,76,54,83,92,4,Balanced Wellbeing,Kesepian dan adaptasi sosial,Positif
MHS-00563,Teknik,8,85,48,65,75,4,Balanced Wellbeing,Kesepian dan adaptasi sosial,Negatif
MHS-00564,Teknik,1,80,44,76,85,4,Balanced Wellbeing,Kesepian dan adaptasi sosial,Netral
MHS-00565,Hukum,7,31,51,33,58,3,Social Adaptation,Kecemasan karier dan magang,Positif
MHS-00566,Teknik,5,51,59,43,53,3,Social Adaptation,Kesepian dan adaptasi sosial,Positif
MHS-00567,Teknik,6,53,73,32,53,3,Social Adaptation,Beban tugas dan ujian,Negatif
MHS-00568,Ekonomi dan Bisnis,3,62,69,73,49,2,Career Concern,Biaya kuliah dan keuangan,Negatif
MHS-00569,Ekonomi dan Bisnis,6,58,36,83,86,4,Balanced Wellbeing,Biaya kuliah dan keuangan,Positif
MHS-00570,Ilmu Budaya,5,41,88,39,51,1,Academic Pressure,Kesepian dan adaptasi sosial,Netral
MHS-00571,Teknik,7,78,44,86,68,4,Balanced Wellbeing,Kecemasan karier dan magang,Negatif
MHS-00572,Hukum,1,54,51,68,37,2,Career Concern,Biaya kuliah dan keuangan,Negatif
MHS-00573,Teknik,4,46,66,67,44,2,Career Concern,Kegiatan dan komunitas,Positif
MHS-00574,MIPA,8,53,54,51,37,2,Career Concern,Kesepian dan adaptasi sosial,Negatif
MHS-00575,Teknik,3,47,91,68,49,1,Academic Pressure,Biaya kuliah dan keuangan,Negatif
MHS-00576,Hukum,3,43,80,60,63,1,Academic Pressure,Kecemasan karier dan magang,Negatif
MHS-00577,Kedokteran,6,47,87,53,51,1,Academic Pressure,Kecemasan karier dan magang,Negatif
MHS-00578,Ilmu Budaya,6,65,56,57,44,2,Career Concern,Kecemasan karier dan magang,Negatif
MHS-00579,MIPA,3,55,51,57,62,2,Career Concern,Kegiatan dan komunitas,Netral
MHS-00580,Kedokteran,1,48,44,44,65,3,Social Adaptation,Kesepian dan adaptasi sosial,Netral
MHS-00581,Kedokteran,4,53,56,48,41,2,Career Concern,Beban tugas dan ujian,Negatif
MHS-00582,MIPA,1,83,44,69,74,4,Balanced Wellbeing,Dukungan dosen dan dosen wali,Negatif
MHS-00583,MIPA,2,53,64,48,61,2,Career Concern,Kecemasan karier dan magang,Positif
MHS-00584,Ilmu Budaya,3,72,60,88,72,4,Balanced Wellbeing,Kegiatan dan komunitas,Netral
MHS-00585,Ilmu Budaya,2,73,42,80,52,2,Career Concern,Beban tugas dan ujian,Negatif
MHS-00586,Ilmu Budaya,5,46,48,41,61,3,Social Adaptation,Layanan kampus dan fasilitas,Negatif
MHS-00587,Ekonomi dan Bisnis,5,36,62,40,71,3,Social Adaptation,Biaya kuliah dan keuangan,Positif
MHS-00588,Ekonomi dan Bisnis,1,56,56,25,58,3,Social Adaptation,Beban tugas dan ujian,Positif
MHS-00589,Hukum,8,44,68,32,60,3,Social Adaptation,Dukungan dosen dan dosen wali,Positif
MHS-00590,Hukum,3,47,92,60,59,1,Academic Pressure,Biaya kuliah dan keuangan,Negatif
MHS-00591,MIPA,4,71,51,61,70,4,Balanced Wellbeing,Kegiatan dan komunitas,Netral
MHS-00592,Kedokteran,6,44,88,63,40,1,Academic Pressure,Beban tugas dan ujian,Netral
MHS-00593,Ekonomi dan Bisnis,2,45,95,39,61,1,Academic Pressure,Kecemasan karier dan magang,Negatif
MHS-00594,MIPA,2,64,36,70,72,4,Balanced Wellbeing,Kesepian dan adaptasi sosial,Negatif
MHS-00595,MIPA,6,69,46,70,85,4,Balanced Wellbeing,Kecemasan karier dan magang,Netral
MHS-00596,Ekonomi dan Bisnis,2,50,78,55,56,1,Academic Pressure,Kesepian dan adaptasi sosial,Netral
MHS-00597,MIPA,1,76,43,91,82,4,Balanced Wellbeing,Kesepian dan adaptasi sosial,Negatif
MHS-00598,Ekonomi dan Bisnis,3,50,48,42,55,3,Social Adaptation,Dukungan dosen dan dosen wali,Negatif
MHS-00599,Hukum,4,83,43,85,81,4,Balanced Wellbeing,Layanan kampus dan fasilitas,Netral
MHS-00600,MIPA,1,49,87,51,68,1,Academic Pressure,Dukungan dosen dan dosen wali,Negatif
MHS-00601,Ekonomi dan Bisnis,6,68,53,61,81,4,Balanced Wellbeing,Kesepian dan adaptasi sosial,Negatif
MHS-00602,Kedokteran,5,72,54,70,72,4,Balanced Wellbeing,Layanan kampus dan fasilitas,Positif
MHS-00603,Ekonomi dan Bisnis,7,45,63,56,29,2,Career Concern,Biaya kuliah dan keuangan,Positif
MHS-00604,Hukum,8,82,28,79,74,4,Balanced Wellbeing,Dukungan dosen dan dosen wali,Negatif
MHS-00605,Ekonomi dan Bisnis,2,53,88,51,50,1,Academic Pressure,Biaya kuliah dan keuangan,Positif
MHS-00606,Hukum,5,86,56,78,67,4,Balanced Wellbeing,Kegiatan dan komunitas,Positif
MHS-00607,Ilmu Budaya,2,51,55,55,44,2,Career Concern,Beban tugas dan ujian,Negatif
MHS-00608,Ekonomi dan Bisnis,7,50,83,65,57,1,Academic Pressure,Layanan kampus dan fasilitas,Netral
MHS-00609,Ekonomi dan Bisnis,5,59,88,56,37,1,Academic Pressure,Dukungan dosen dan dosen wali,Negatif
MHS-00610,Teknik,7,74,45,82,49,4,Balanced Wellbeing,Kesepian dan adaptasi sosial,Negatif
MHS-00611,Ilmu Budaya,7,33,76,50,63,1,Academic Pressure,Kecemasan karier dan magang,Negatif
MHS-00612,MIPA,3,39,62,29,55,3,Social Adaptation,Layanan kampus dan fasilitas,Negatif
MHS-00613,MIPA,1,51,47,61,46,2,Career Concern,Kecemasan karier dan magang,Positif
MHS-00614,Kedokteran,7,53,77,61,56,1,Academic Pressure,Biaya kuliah dan keuangan,Negatif
MHS-00615,Ekonomi dan Bisnis,1,68,66,64,41,2,Career Concern,Layanan kampus dan fasilitas,Negatif
MHS-00616,Kedokteran,7,55,58,34,47,3,Social Adaptation,Layanan kampus dan fasilitas,Negatif
MHS-00617,Kedokteran,3,44,75,41,51,1,Academic Pressure,Layanan kampus dan fasilitas,Negatif
MHS-00618,Kedokteran,1,53,61,41,53,3,Social Adaptation,Biaya kuliah dan keuangan,Positif
MHS-00619,Teknik,8,88,54,86,78,4,Balanced Wellbeing,Kesepian dan adaptasi sosial,Negatif
MHS-00620,Ilmu Budaya,5,60,51,56,42,2,Career Concern,Layanan kampus dan fasilitas,Netral
MHS-00621,Hukum,8,69,39,83,82,4,Balanced Wellbeing,Biaya kuliah dan keuangan,Positif
MHS-00622,Kedokteran,8,66,50,73,67,4,Balanced Wellbeing,Kecemasan karier dan magang,Negatif
MHS-00623,Ilmu Budaya,5,62,54,89,67,4,Balanced Wellbeing,Kegiatan dan komunitas,Negatif
MHS-00624,Kedokteran,8,48,86,69,54,1,Academic Pressure,Kesepian dan adaptasi sosial,Netral
MHS-00625,Hukum,3,50,85,54,66,1,Academic Pressure,Dukungan dosen dan dosen wali,Positif
MHS-00626,Ilmu Budaya,6,50,79,42,42,1,Academic Pressure,Dukungan dosen dan dosen wali,Netral
MHS-00627,MIPA,5,78,49,78,55,4,Balanced Wellbeing,Kesepian dan adaptasi sosial,Positif
MHS-00628,Ekonomi dan Bisnis,7,70,55,69,82,4,Balanced Wellbeing,Kecemasan karier dan magang,Negatif
MHS-00629,Teknik,6,57,70,54,44,2,Career Concern,Layanan kampus dan fasilitas,Negatif
MHS-00630,Teknik,1,83,43,76,59,4,Balanced Wellbeing,Kegiatan dan komunitas,Positif
MHS-00631,Hukum,6,73,40,71,81,4,Balanced Wellbeing,Kegiatan dan komunitas,Netral
MHS-00632,Kedokteran,2,78,61,78,36,2,Career Concern,Kegiatan dan komunitas,Positif
MHS-00633,Teknik,5,41,84,59,41,1,Academic Pressure,Kegiatan dan komunitas,Negatif
MHS-00634,Teknik,3,82,42,64,82,4,Balanced Wellbeing,Dukungan dosen dan dosen wali,Negatif
MHS-00635,Hukum,3,69,43,75,61,4,Balanced Wellbeing,Dukungan dosen dan dosen wali,Negatif
MHS-00636,Hukum,3,44,91,59,55,1,Academic Pressure,Kegiatan dan komunitas,Netral
MHS-00637,Kedokteran,5,60,56,66,53,2,Career Concern,Kecemasan karier dan magang,Negatif
MHS-00638,MIPA,4,63,51,63,44,2,Career Concern,Beban tugas dan ujian,Positif
MHS-00639,Kedokteran,3,41,86,54,55,1,Academic Pressure,Layanan kampus dan fasilitas,Negatif
MHS-00640,Ekonomi dan Bisnis,5,64,49,89,82,4,Balanced Wellbeing,Biaya kuliah dan keuangan,Positif
MHS-00641,Ekonomi dan Bisnis,7,51,96,54,46,1,Academic Pressure,Kegiatan dan komunitas,Negatif
MHS-00642,Teknik,8,56,57,34,49,3,Social Adaptation,Kecemasan karier dan magang,Positif
MHS-00643,MIPA,1,41,87,52,50,1,Academic Pressure,Beban tugas dan ujian,Negatif
MHS-00644,Teknik,1,95,38,69,66,4,Balanced Wellbeing,Biaya kuliah dan keuangan,Netral
MHS-00645,Ekonomi dan Bisnis,8,61,74,42,59,3,Social Adaptation,Biaya kuliah dan keuangan,Positif
MHS-00646,Kedokteran,6,52,65,42,59,3,Social Adaptation,Kesepian dan adaptasi sosial,Negatif
MHS-00647,Ilmu Budaya,3,75,52,85,69,4,Balanced Wellbeing,Layanan kampus dan fasilitas,Positif
MHS-00648,Hukum,8,51,86,61,53,1,Academic Pressure,Kesepian dan adaptasi sosial,Negatif
MHS-00649,Hukum,3,68,59,58,45,2,Career Concern,Beban tugas dan ujian,Negatif
MHS-00650,Ekonomi dan Bisnis,1,75,31,69,69,4,Balanced Wellbeing,Layanan kampus dan fasilitas,Positif
MHS-00651,Hukum,2,44,82,51,57,1,Academic Pressure,Kesepian dan adaptasi sosial,Negatif
MHS-00652,Hukum,5,66,61,59,35,2,Career Concern,Layanan kampus dan fasilitas,Netral
MHS-00653,MIPA,3,31,67,55,57,3,Social Adaptation,Kecemasan karier dan magang,Positif
MHS-00654,Kedokteran,3,75,35,77,71,4,Balanced Wellbeing,Kecemasan karier dan magang,Positif
MHS-00655,Hukum,3,83,57,77,87,4,Balanced Wellbeing,Beban tugas dan ujian,Negatif
MHS-00656,Kedokteran,4,84,39,77,76,4,Balanced Wellbeing,Kesepian dan adaptasi sosial,Negatif
MHS-00657,Hukum,7,57,66,34,61,3,Social Adaptation,Beban tugas dan ujian,Negatif
MHS-00658,MIPA,2,46,77,43,52,1,Academic Pressure,Biaya kuliah dan keuangan,Negatif
MHS-00659,Ilmu Budaya,5,70,58,60,49,2,Career Concern,Layanan kampus dan fasilitas,Negatif
MHS-00660,Kedokteran,6,44,83,49,43,1,Academic Pressure,Biaya kuliah dan keuangan,Netral
MHS-00661,Ilmu Budaya,5,62,49,81,71,4,Balanced Wellbeing,Biaya kuliah dan keuangan,Netral
MHS-00662,Ekonomi dan Bisnis,2,48,82,41,54,3,Social Adaptation,Dukungan dosen dan dosen wali,Positif
MHS-00663,Ilmu Budaya,7,65,60,73,44,2,Career Concern,Kegiatan dan komunitas,Netral
MHS-00664,Hukum,7,62,49,54,24,2,Career Concern,Kegiatan dan komunitas,Negatif
MHS-00665,Hukum,3,69,84,58,47,1,Academic Pressure,Dukungan dosen dan dosen wali,Negatif
MHS-00666,Teknik,3,61,69,43,64,3,Social Adaptation,Kecemasan karier dan magang,Positif
MHS-00667,Ilmu Budaya,1,42,83,50,66,1,Academic Pressure,Biaya kuliah dan keuangan,Negatif
MHS-00668,Kedokteran,1,83,35,71,68,4,Balanced Wellbeing,Kesepian dan adaptasi sosial,Negatif
MHS-00669,Teknik,7,89,36,80,76,4,Balanced Wellbeing,Layanan kampus dan fasilitas,Negatif
MHS-00670,Hukum,7,48,61,68,41,2,Career Concern,Beban tugas dan ujian,Negatif
MHS-00671,Hukum,8,47,59,54,27,2,Career Concern,Kecemasan karier dan magang,Positif
MHS-00672,Ekonomi dan Bisnis,4,68,55,56,50,2,Career Concern,Biaya kuliah dan keuangan,Netral
MHS-00673,Ilmu Budaya,5,53,89,60,33,1,Academic Pressure,Kecemasan karier dan magang,Negatif
MHS-00674,Teknik,2,73,49,87,59,4,Balanced Wellbeing,Biaya kuliah dan keuangan,Negatif
MHS-00675,MIPA,5,47,89,53,53,1,Academic Pressure,Kecemasan karier dan magang,Positif
MHS-00676,Teknik,2,66,88,61,32,1,Academic Pressure,Kegiatan dan komunitas,Netral
MHS-00677,Kedokteran,3,79,46,68,62,4,Balanced Wellbeing,Dukungan dosen dan dosen wali,Negatif
MHS-00678,Ekonomi dan Bisnis,8,85,52,77,77,4,Balanced Wellbeing,Kesepian dan adaptasi sosial,Positif
MHS-00679,Ilmu Budaya,6,56,64,60,56,2,Career Concern,Dukungan dosen dan dosen wali,Netral
MHS-00680,Ilmu Budaya,6,59,74,54,48,2,Career Concern,Beban tugas dan ujian,Negatif
MHS-00681,Ilmu Budaya,1,56,65,26,65,3,Social Adaptation,Kesepian dan adaptasi sosial,Positif
MHS-00682,MIPA,5,86,50,77,62,4,Balanced Wellbeing,Kesepian dan adaptasi sosial,Negatif
MHS-00683,MIPA,3,57,42,68,44,2,Career Concern,Dukungan dosen dan dosen wali,Negatif
MHS-00684,Hukum,7,43,56,29,70,3,Social Adaptation,Kegiatan dan komunitas,Negatif
MHS-00685,Kedokteran,4,55,47,79,61,2,Career Concern,Beban tugas dan ujian,Netral
MHS-00686,Kedokteran,7,66,64,32,56,3,Social Adaptation,Layanan kampus dan fasilitas,Negatif
MHS-00687,Kedokteran,1,48,63,35,54,3,Social Adaptation,Kesepian dan adaptasi sosial,Negatif
MHS-00688,Ekonomi dan Bisnis,6,45,43,30,44,3,Social Adaptation,Biaya kuliah dan keuangan,Negatif
MHS-00689,MIPA,4,47,52,38,65,3,Social Adaptation,Kegiatan dan komunitas,Positif
MHS-00690,Ekonomi dan Bisnis,8,55,61,58,45,2,Career Concern,Beban tugas dan ujian,Negatif
MHS-00691,Ilmu Budaya,8,45,65,29,58,3,Social Adaptation,Dukungan dosen dan dosen wali,Positif
MHS-00692,Teknik,4,46,77,50,36,1,Academic Pressure,Kesepian dan adaptasi sosial,Negatif
MHS-00693,MIPA,5,68,56,58,46,2,Career Concern,Beban tugas dan ujian,Netral
MHS-00694,Ilmu Budaya,1,57,61,70,54,2,Career Concern,Biaya kuliah dan keuangan,Positif
MHS-00695,MIPA,5,63,65,67,37,2,Career Concern,Layanan kampus dan fasilitas,Negatif
MHS-00696,Ilmu Budaya,8,78,42,87,82,4,Balanced Wellbeing,Kecemasan karier dan magang,Positif
MHS-00697,Hukum,8,45,65,30,64,3,Social Adaptation,Dukungan dosen dan dosen wali,Negatif
MHS-00698,Hukum,2,38,71,50,62,1,Academic Pressure,Kecemasan karier dan magang,Positif
MHS-00699,Hukum,3,62,44,78,73,4,Balanced Wellbeing,Beban tugas dan ujian,Negatif
MHS-00700,MIPA,1,73,44,73,72,4,Balanced Wellbeing,Kesepian dan adaptasi sosial,Positif
MHS-00701,Teknik,3,62,54,61,47,2,Career Concern,Biaya kuliah dan keuangan,Negatif
MHS-00702,Teknik,1,53,62,56,39,2,Career Concern,Biaya kuliah dan keuangan,Negatif
MHS-00703,MIPA,4,47,70,65,47,2,Career Concern,Kesepian dan adaptasi sosial,Netral
MHS-00704,Hukum,4,43,91,56,52,1,Academic Pressure,Beban tugas dan ujian,Negatif
MHS-00705,Teknik,4,34,77,52,59,1,Academic Pressure,Kegiatan dan komunitas,Positif
MHS-00706,Teknik,8,67,44,87,69,4,Balanced Wellbeing,Kegiatan dan komunitas,Netral
MHS-00707,Kedokteran,4,53,78,54,64,1,Academic Pressure,Layanan kampus dan fasilitas,Positif
MHS-00708,Hukum,5,53,63,33,43,3,Social Adaptation,Kesepian dan adaptasi sosial,Negatif
MHS-00709,Kedokteran,4,86,42,92,72,4,Balanced Wellbeing,Dukungan dosen dan dosen wali,Positif
MHS-00710,Ilmu Budaya,1,62,63,37,57,3,Social Adaptation,Beban tugas dan ujian,Netral
MHS-00711,Teknik,1,76,36,82,62,4,Balanced Wellbeing,Kegiatan dan komunitas,Positif
MHS-00712,Hukum,1,68,53,68,83,4,Balanced Wellbeing,Beban tugas dan ujian,Negatif
MHS-00713,Teknik,5,54,82,61,48,1,Academic Pressure,Kegiatan dan komunitas,Netral
MHS-00714,Ekonomi dan Bisnis,7,54,77,60,38,2,Career Concern,Beban tugas dan ujian,Positif
MHS-00715,Teknik,3,44,53,33,48,3,Social Adaptation,Dukungan dosen dan dosen wali,Negatif
MHS-00716,Hukum,5,34,79,59,63,1,Academic Pressure,Dukungan dosen dan dosen wali,Netral
MHS-00717,Ilmu Budaya,5,52,61,45,54,3,Social Adaptation,Beban tugas dan ujian,Netral
MHS-00718,Ilmu Budaya,6,80,42,78,82,4,Balanced Wellbeing,Beban tugas dan ujian,Negatif
MHS-00719,Ekonomi dan Bisnis,4,81,45,72,55,4,Balanced Wellbeing,Kecemasan karier dan magang,Negatif
MHS-00720,Kedokteran,4,46,82,60,34,1,Academic Pressure,Beban tugas dan ujian,Negatif
MHS-00721,Ilmu Budaya,2,70,45,89,78,4,Balanced Wellbeing,Dukungan dosen dan dosen wali,Negatif
MHS-00722,Teknik,8,63,57,75,60,4,Balanced Wellbeing,Beban tugas dan ujian,Negatif
MHS-00723,Ilmu Budaya,4,43,59,35,60,3,Social Adaptation,Kegiatan dan komunitas,Netral
MHS-00724,Hukum,1,62,44,56,39,2,Career Concern,Kesepian dan adaptasi sosial,Netral
MHS-00725,Ekonomi dan Bisnis,5,45,71,64,37,1,Academic Pressure,Biaya kuliah dan keuangan,Negatif
MHS-00726,Hukum,6,48,79,51,59,1,Academic Pressure,Biaya kuliah dan keuangan,Netral
MHS-00727,Hukum,3,52,55,71,42,2,Career Concern,Beban tugas dan ujian,Negatif
MHS-00728,Teknik,6,35,100,51,47,1,Academic Pressure,Kecemasan karier dan magang,Netral
MHS-00729,Ilmu Budaya,6,44,71,48,55,3,Social Adaptation,Kecemasan karier dan magang,Negatif
MHS-00730,Ekonomi dan Bisnis,4,68,54,58,35,2,Career Concern,Kesepian dan adaptasi sosial,Positif
MHS-00731,Teknik,6,77,50,87,73,4,Balanced Wellbeing,Beban tugas dan ujian,Netral
MHS-00732,Kedokteran,3,56,58,43,57,3,Social Adaptation,Kecemasan karier dan magang,Positif
MHS-00733,Teknik,3,50,63,47,43,3,Social Adaptation,Kesepian dan adaptasi sosial,Netral
MHS-00734,MIPA,7,40,84,51,55,1,Academic Pressure,Dukungan dosen dan dosen wali,Negatif
MHS-00735,Hukum,4,78,53,72,81,4,Balanced Wellbeing,Beban tugas dan ujian,Positif
MHS-00736,Ekonomi dan Bisnis,8,61,64,57,39,2,Career Concern,Kecemasan karier dan magang,Positif
MHS-00737,Kedokteran,8,53,68,47,49,3,Social Adaptation,Layanan kampus dan fasilitas,Negatif
MHS-00738,MIPA,1,73,36,79,82,4,Balanced Wellbeing,Kecemasan karier dan magang,Negatif
MHS-00739,Kedokteran,5,52,75,45,35,2,Career Concern,Layanan kampus dan fasilitas,Negatif
MHS-00740,Ilmu Budaya,8,50,64,30,57,3,Social Adaptation,Kesepian dan adaptasi sosial,Negatif
MHS-00741,Teknik,5,60,65,57,38,2,Career Concern,Kegiatan dan komunitas,Netral
MHS-00742,Kedokteran,4,58,63,55,51,2,Career Concern,Dukungan dosen dan dosen wali,Negatif
MHS-00743,Hukum,5,48,74,66,57,3,Social Adaptation,Beban tugas dan ujian,Positif
MHS-00744,Hukum,3,90,41,80,72,4,Balanced Wellbeing,Kegiatan dan komunitas,Negatif
MHS-00745,Ilmu Budaya,6,44,58,62,31,2,Career Concern,Kegiatan dan komunitas,Negatif
MHS-00746,Ekonomi dan Bisnis,3,68,50,81,72,4,Balanced Wellbeing,Biaya kuliah dan keuangan,Positif
MHS-00747,Hukum,5,71,53,76,66,4,Balanced Wellbeing,Biaya kuliah dan keuangan,Netral
MHS-00748,MIPA,7,73,78,41,46,1,Academic Pressure,Kesepian dan adaptasi sosial,Negatif
MHS-00749,Teknik,3,56,88,38,57,1,Academic Pressure,Beban tugas dan ujian,Netral
MHS-00750,Ekonomi dan Bisnis,4,55,62,44,53,3,Social Adaptation,Biaya kuliah dan keuangan,Netral
MHS-00751,Teknik,3,57,75,34,60,3,Social Adaptation,Layanan kampus dan fasilitas,Negatif
MHS-00752,Hukum,8,80,61,74,87,4,Balanced Wellbeing,Kecemasan karier dan magang,Netral
MHS-00753,Teknik,7,55,54,66,44,2,Career Concern,Layanan kampus dan fasilitas,Positif
MHS-00754,Ilmu Budaya,6,65,48,79,67,4,Balanced Wellbeing,Dukungan dosen dan dosen wali,Positif
MHS-00755,Ilmu Budaya,8,80,39,84,84,4,Balanced Wellbeing,Kesepian dan adaptasi sosial,Positif
MHS-00756,Hukum,5,63,58,66,39,2,Career Concern,Dukungan dosen dan dosen wali,Positif
MHS-00757,Teknik,2,23,83,30,43,1,Academic Pressure,Layanan kampus dan fasilitas,Positif
MHS-00758,Hukum,8,39,81,66,57,1,Academic Pressure,Kesepian dan adaptasi sosial,Negatif
MHS-00759,Ilmu Budaya,8,47,94,62,61,1,Academic Pressure,Kesepian dan adaptasi sosial,Negatif
MHS-00760,Teknik,2,85,57,82,69,4,Balanced Wellbeing,Kecemasan karier dan magang,Negatif
MHS-00761,Ekonomi dan Bisnis,1,49,70,59,58,1,Academic Pressure,Dukungan dosen dan dosen wali,Netral
MHS-00762,Hukum,5,38,60,36,54,3,Social Adaptation,Kesepian dan adaptasi sosial,Negatif
MHS-00763,Ilmu Budaya,1,82,42,80,77,4,Balanced Wellbeing,Beban tugas dan ujian,Negatif
MHS-00764,Ekonomi dan Bisnis,1,58,72,57,47,1,Academic Pressure,Kesepian dan adaptasi sosial,Netral
MHS-00765,Ekonomi dan Bisnis,4,36,48,31,63,3,Social Adaptation,Beban tugas dan ujian,Negatif
MHS-00766,Hukum,6,51,65,75,49,2,Career Concern,Beban tugas dan ujian,Negatif
MHS-00767,MIPA,3,53,61,14,52,3,Social Adaptation,Biaya kuliah dan keuangan,Positif
MHS-00768,Hukum,6,66,26,77,67,4,Balanced Wellbeing,Kegiatan dan komunitas,Netral
MHS-00769,Hukum,1,66,49,79,64,4,Balanced Wellbeing,Kecemasan karier dan magang,Negatif
MHS-00770,Ilmu Budaya,5,42,84,58,54,1,Academic Pressure,Kecemasan karier dan magang,Negatif
MHS-00771,Kedokteran,6,60,34,79,66,4,Balanced Wellbeing,Dukungan dosen dan dosen wali,Positif
MHS-00772,Kedokteran,4,63,47,63,56,2,Career Concern,Kecemasan karier dan magang,Netral
MHS-00773,Kedokteran,3,43,70,48,47,1,Academic Pressure,Kesepian dan adaptasi sosial,Netral
MHS-00774,Ekonomi dan Bisnis,4,99,53,83,72,4,Balanced Wellbeing,Kecemasan karier dan magang,Netral
MHS-00775,MIPA,8,50,89,49,47,1,Academic Pressure,Dukungan dosen dan dosen wali,Negatif
MHS-00776,MIPA,7,71,52,71,75,4,Balanced Wellbeing,Kegiatan dan komunitas,Negatif
MHS-00777,MIPA,3,73,47,85,70,4,Balanced Wellbeing,Layanan kampus dan fasilitas,Positif
MHS-00778,Ilmu Budaya,4,50,67,65,45,2,Career Concern,Kecemasan karier dan magang,Positif
MHS-00779,Hukum,6,70,51,73,78,4,Balanced Wellbeing,Kesepian dan adaptasi sosial,Negatif
MHS-00780,Ekonomi dan Bisnis,7,75,64,54,50,2,Career Concern,Biaya kuliah dan keuangan,Positif
MHS-00781,Ilmu Budaya,4,70,40,87,76,4,Balanced Wellbeing,Kecemasan karier dan magang,Negatif
MHS-00782,Hukum,3,87,48,86,82,4,Balanced Wellbeing,Biaya kuliah dan keuangan,Negatif
MHS-00783,Hukum,2,50,84,53,44,1,Academic Pressure,Layanan kampus dan fasilitas,Positif
MHS-00784,MIPA,5,54,51,45,40,2,Career Concern,Dukungan dosen dan dosen wali,Negatif
MHS-00785,Hukum,4,38,71,52,55,1,Academic Pressure,Dukungan dosen dan dosen wali,Negatif
MHS-00786,Hukum,5,79,46,76,64,4,Balanced Wellbeing,Dukungan dosen dan dosen wali,Negatif
MHS-00787,Ekonomi dan Bisnis,3,38,82,62,58,1,Academic Pressure,Kecemasan karier dan magang,Negatif
MHS-00788,Hukum,3,54,77,47,43,1,Academic Pressure,Beban tugas dan ujian,Negatif
MHS-00789,Teknik,5,50,55,60,40,2,Career Concern,Kegiatan dan komunitas,Positif
MHS-00790,Kedokteran,8,51,95,48,58,1,Academic Pressure,Kesepian dan adaptasi sosial,Positif
MHS-00791,Ilmu Budaya,7,46,67,38,65,3,Social Adaptation,Layanan kampus dan fasilitas,Negatif
MHS-00792,Ekonomi dan Bisnis,1,36,85,52,35,1,Academic Pressure,Layanan kampus dan fasilitas,Negatif
MHS-00793,MIPA,7,76,54,73,59,4,Balanced Wellbeing,Dukungan dosen dan dosen wali,Negatif
MHS-00794,Kedokteran,8,83,46,93,78,4,Balanced Wellbeing,Kecemasan karier dan magang,Netral
MHS-00795,Hukum,2,31,90,76,42,1,Academic Pressure,Dukungan dosen dan dosen wali,Negatif
MHS-00796,Ilmu Budaya,2,85,36,79,72,4,Balanced Wellbeing,Biaya kuliah dan keuangan,Positif
MHS-00797,Ekonomi dan Bisnis,4,73,47,52,45,2,Career Concern,Kecemasan karier dan magang,Positif
MHS-00798,Kedokteran,4,56,55,77,36,2,Career Concern,Dukungan dosen dan dosen wali,Negatif
MHS-00799,Hukum,6,54,89,54,48,1,Academic Pressure,Kegiatan dan komunitas,Negatif
MHS-00800,Hukum,7,38,96,54,39,1,Academic Pressure,Kegiatan dan komunitas,Negatif
MHS-00801,MIPA,6,42,91,62,69,1,Academic Pressure,Kecemasan karier dan magang,Positif
MHS-00802,Kedokteran,6,57,85,67,33,1,Academic Pressure,Kegiatan dan komunitas,Netral
MHS-00803,Ekonomi dan Bisnis,5,51,69,29,55,3,Social Adaptation,Kegiatan dan komunitas,Negatif
MHS-00804,Kedokteran,5,57,44,62,42,2,Career Concern,Layanan kampus dan fasilitas,Positif
MHS-00805,Ilmu Budaya,1,61,48,67,74,4,Balanced Wellbeing,Kegiatan dan komunitas,Negatif
MHS-00806,Ekonomi dan Bisnis,8,80,34,95,79,4,Balanced Wellbeing,Dukungan dosen dan dosen wali,Negatif
MHS-00807,Kedokteran,7,86,45,73,84,4,Balanced Wellbeing,Kesepian dan adaptasi sosial,Negatif
MHS-00808,MIPA,1,72,36,85,78,4,Balanced Wellbeing,Kegiatan dan komunitas,Positif
MHS-00809,Hukum,4,41,65,42,54,3,Social Adaptation,Dukungan dosen dan dosen wali,Netral
MHS-00810,Hukum,3,51,66,38,67,1,Academic Pressure,Beban tugas dan ujian,Negatif
MHS-00811,Hukum,7,59,80,37,40,1,Academic Pressure,Kecemasan karier dan magang,Negatif
MHS-00812,Hukum,2,61,58,29,66,3,Social Adaptation,Kegiatan dan komunitas,Negatif
MHS-00813,Hukum,4,48,62,41,60,3,Social Adaptation,Beban tugas dan ujian,Netral
MHS-00814,Hukum,7,84,52,53,97,4,Balanced Wellbeing,Biaya kuliah dan keuangan,Netral
MHS-00815,MIPA,8,77,41,80,72,4,Balanced Wellbeing,Beban tugas dan ujian,Netral
MHS-00816,Ekonomi dan Bisnis,3,85,55,96,70,4,Balanced Wellbeing,Beban tugas dan ujian,Netral
MHS-00817,Teknik,2,49,86,40,46,1,Academic Pressure,Beban tugas dan ujian,Netral
MHS-00818,MIPA,5,58,59,55,62,2,Career Concern,Dukungan dosen dan dosen wali,Netral
MHS-00819,Hukum,2,80,45,54,38,2,Career Concern,Dukungan dosen dan dosen wali,Positif
MHS-00820,Kedokteran,5,67,42,57,40,2,Career Concern,Kecemasan karier dan magang,Positif
MHS-00821,Hukum,7,45,78,36,57,1,Academic Pressure,Dukungan dosen dan dosen wali,Negatif
MHS-00822,Hukum,3,40,73,52,41,1,Academic Pressure,Kesepian dan adaptasi sosial,Positif
MHS-00823,Hukum,7,63,58,60,53,2,Career Concern,Beban tugas dan ujian,Negatif
MHS-00824,Ekonomi dan Bisnis,7,84,57,79,77,4,Balanced Wellbeing,Beban tugas dan ujian,Positif
MHS-00825,MIPA,5,63,38,86,78,4,Balanced Wellbeing,Layanan kampus dan fasilitas,Negatif
MHS-00826,MIPA,7,58,54,66,32,2,Career Concern,Kesepian dan adaptasi sosial,Netral
MHS-00827,Hukum,6,73,42,74,71,4,Balanced Wellbeing,Dukungan dosen dan dosen wali,Positif
MHS-00828,Ilmu Budaya,4,51,62,55,45,2,Career Concern,Biaya kuliah dan keuangan,Netral
MHS-00829,Teknik,3,82,36,85,76,4,Balanced Wellbeing,Layanan kampus dan fasilitas,Negatif
MHS-00830,Hukum,3,72,45,53,48,2,Career Concern,Kesepian dan adaptasi sosial,Negatif
MHS-00831,Teknik,7,50,62,43,72,3,Social Adaptation,Dukungan dosen dan dosen wali,Netral
MHS-00832,Teknik,8,76,47,49,53,3,Social Adaptation,Kecemasan karier dan magang,Netral
MHS-00833,Ilmu Budaya,8,61,88,35,50,1,Academic Pressure,Kesepian dan adaptasi sosial,Negatif
MHS-00834,Ilmu Budaya,5,57,48,42,52,3,Social Adaptation,Biaya kuliah dan keuangan,Negatif
MHS-00835,Teknik,8,41,99,45,40,1,Academic Pressure,Layanan kampus dan fasilitas,Positif
MHS-00836,Ilmu Budaya,6,56,63,54,54,2,Career Concern,Beban tugas dan ujian,Negatif
MHS-00837,Hukum,5,52,65,33,58,3,Social Adaptation,Kecemasan karier dan magang,Negatif
MHS-00838,Ilmu Budaya,3,69,44,91,73,4,Balanced Wellbeing,Kecemasan karier dan magang,Negatif
MHS-00839,Hukum,6,77,50,87,76,4,Balanced Wellbeing,Beban tugas dan ujian,Negatif
MHS-00840,Hukum,3,49,70,24,53,3,Social Adaptation,Biaya kuliah dan keuangan,Positif
MHS-00841,Teknik,3,75,31,93,88,4,Balanced Wellbeing,Kecemasan karier dan magang,Negatif
MHS-00842,Ilmu Budaya,5,52,74,54,51,1,Academic Pressure,Biaya kuliah dan keuangan,Negatif
MHS-00843,Hukum,4,41,81,56,36,1,Academic Pressure,Dukungan dosen dan dosen wali,Positif
MHS-00844,MIPA,3,73,36,90,96,4,Balanced Wellbeing,Kecemasan karier dan magang,Negatif
MHS-00845,Ilmu Budaya,7,48,83,59,67,1,Academic Pressure,Layanan kampus dan fasilitas,Negatif
MHS-00846,Kedokteran,6,48,61,57,38,2,Career Concern,Biaya kuliah dan keuangan,Positif
MHS-00847,Kedokteran,8,76,46,76,68,4,Balanced Wellbeing,Biaya kuliah dan keuangan,Positif
MHS-00848,MIPA,3,71,51,81,74,4,Balanced Wellbeing,Biaya kuliah dan keuangan,Negatif
MHS-00849,Teknik,2,45,58,36,68,3,Social Adaptation,Kecemasan karier dan magang,Netral
MHS-00850,Teknik,2,87,36,83,82,4,Balanced Wellbeing,Layanan kampus dan fasilitas,Netral
MHS-00851,Hukum,5,71,45,85,79,4,Balanced Wellbeing,Kegiatan dan komunitas,Positif
MHS-00852,Ilmu Budaya,1,63,50,82,72,4,Balanced Wellbeing,Kecemasan karier dan magang,Netral
MHS-00853,Ilmu Budaya,8,34,76,50,39,1,Academic Pressure,Dukungan dosen dan dosen wali,Netral
MHS-00854,Ekonomi dan Bisnis,3,47,59,53,50,2,Career Concern,Beban tugas dan ujian,Negatif
MHS-00855,Kedokteran,4,78,37,77,64,4,Balanced Wellbeing,Biaya kuliah dan keuangan,Netral
MHS-00856,Ekonomi dan Bisnis,5,48,84,64,65,1,Academic Pressure,Kegiatan dan komunitas,Positif
MHS-00857,Kedokteran,6,75,45,73,82,4,Balanced Wellbeing,Beban tugas dan ujian,Positif
MHS-00858,Teknik,6,53,78,66,50,1,Academic Pressure,Kecemasan karier dan magang,Positif
MHS-00859,Hukum,7,39,68,64,48,1,Academic Pressure,Dukungan dosen dan dosen wali,Negatif
MHS-00860,Ilmu Budaya,3,41,84,58,62,1,Academic Pressure,Kesepian dan adaptasi sosial,Negatif
MHS-00861,Ekonomi dan Bisnis,8,80,48,86,88,4,Balanced Wellbeing,Dukungan dosen dan dosen wali,Negatif
MHS-00862,Ilmu Budaya,4,81,34,81,78,4,Balanced Wellbeing,Kesepian dan adaptasi sosial,Positif
MHS-00863,Teknik,2,47,47,31,53,3,Social Adaptation,Kegiatan dan komunitas,Negatif
MHS-00864,Teknik,2,48,75,65,47,1,Academic Pressure,Layanan kampus dan fasilitas,Positif
MHS-00865,Kedokteran,8,37,83,50,53,1,Academic Pressure,Kecemasan karier dan magang,Negatif
MHS-00866,Ilmu Budaya,3,52,62,34,56,3,Social Adaptation,Beban tugas dan ujian,Positif
MHS-00867,Hukum,2,44,77,60,46,1,Academic Pressure,Kesepian dan adaptasi sosial,Negatif
MHS-00868,Teknik,1,69,54,93,86,4,Balanced Wellbeing,Layanan kampus dan fasilitas,Negatif
MHS-00869,Kedokteran,6,32,89,50,41,1,Academic Pressure,Beban tugas dan ujian,Negatif
MHS-00870,Ekonomi dan Bisnis,3,59,74,58,36,1,Academic Pressure,Biaya kuliah dan keuangan,Negatif
MHS-00871,Ekonomi dan Bisnis,2,77,42,68,79,4,Balanced Wellbeing,Biaya kuliah dan keuangan,Positif
MHS-00872,Kedokteran,3,47,65,49,51,2,Career Concern,Kegiatan dan komunitas,Positif
MHS-00873,Teknik,7,40,59,32,56,3,Social Adaptation,Layanan kampus dan fasilitas,Netral
MHS-00874,MIPA,8,76,46,81,73,4,Balanced Wellbeing,Kecemasan karier dan magang,Positif
MHS-00875,MIPA,7,85,35,78,78,4,Balanced Wellbeing,Kecemasan karier dan magang,Negatif
MHS-00876,Ilmu Budaya,6,46,77,53,39,1,Academic Pressure,Beban tugas dan ujian,Netral
MHS-00877,Teknik,1,77,44,77,76,4,Balanced Wellbeing,Layanan kampus dan fasilitas,Positif
MHS-00878,Hukum,6,64,67,70,41,2,Career Concern,Kesepian dan adaptasi sosial,Positif
MHS-00879,Teknik,7,49,80,55,42,1,Academic Pressure,Kegiatan dan komunitas,Negatif
MHS-00880,Ekonomi dan Bisnis,5,75,56,78,79,4,Balanced Wellbeing,Beban tugas dan ujian,Netral
MHS-00881,MIPA,2,43,78,60,64,1,Academic Pressure,Kegiatan dan komunitas,Netral
MHS-00882,Kedokteran,2,56,61,56,50,2,Career Concern,Beban tugas dan ujian,Negatif
MHS-00883,Kedokteran,4,45,91,64,56,1,Academic Pressure,Layanan kampus dan fasilitas,Negatif
MHS-00884,Teknik,6,45,80,64,51,1,Academic Pressure,Beban tugas dan ujian,Positif
MHS-00885,Ekonomi dan Bisnis,2,53,63,62,31,2,Career Concern,Biaya kuliah dan keuangan,Negatif
MHS-00886,Teknik,5,82,54,72,81,4,Balanced Wellbeing,Kecemasan karier dan magang,Negatif
MHS-00887,Hukum,3,44,65,59,41,1,Academic Pressure,Layanan kampus dan fasilitas,Netral
MHS-00888,Ilmu Budaya,1,68,57,75,80,4,Balanced Wellbeing,Dukungan dosen dan dosen wali,Positif
MHS-00889,Teknik,3,54,64,31,51,3,Social Adaptation,Kegiatan dan komunitas,Positif
MHS-00890,Ekonomi dan Bisnis,2,79,47,72,91,4,Balanced Wellbeing,Biaya kuliah dan keuangan,Netral
MHS-00891,Ilmu Budaya,3,53,51,93,72,4,Balanced Wellbeing,Beban tugas dan ujian,Positif
MHS-00892,MIPA,6,48,66,58,36,2,Career Concern,Biaya kuliah dan keuangan,Negatif
MHS-00893,Ekonomi dan Bisnis,1,78,45,82,73,4,Balanced Wellbeing,Kecemasan karier dan magang,Positif
MHS-00894,Ilmu Budaya,8,65,63,58,44,2,Career Concern,Dukungan dosen dan dosen wali,Netral
MHS-00895,Ilmu Budaya,6,63,94,48,57,1,Academic Pressure,Beban tugas dan ujian,Negatif
MHS-00896,Ilmu Budaya,3,69,46,84,75,4,Balanced Wellbeing,Dukungan dosen dan dosen wali,Negatif
MHS-00897,Ekonomi dan Bisnis,1,89,51,85,52,4,Balanced Wellbeing,Kecemasan karier dan magang,Positif
MHS-00898,Kedokteran,8,45,79,62,55,1,Academic Pressure,Kegiatan dan komunitas,Negatif
MHS-00899,Kedokteran,3,64,87,36,60,1,Academic Pressure,Kecemasan karier dan magang,Negatif
MHS-00900,Ilmu Budaya,1,56,72,30,67,3,Social Adaptation,Layanan kampus dan fasilitas,Positif
MHS-00901,Hukum,6,44,57,56,56,3,Social Adaptation,Beban tugas dan ujian,Negatif
MHS-00902,Teknik,8,92,59,71,79,4,Balanced Wellbeing,Kegiatan dan komunitas,Positif
MHS-00903,Ekonomi dan Bisnis,7,62,65,42,69,3,Social Adaptation,Kecemasan karier dan magang,Negatif
MHS-00904,MIPA,2,64,63,54,59,3,Social Adaptation,Dukungan dosen dan dosen wali,Negatif
MHS-00905,Ekonomi dan Bisnis,8,61,52,69,42,2,Career Concern,Kesepian dan adaptasi sosial,Negatif
MHS-00906,Hukum,2,55,71,57,33,2,Career Concern,Beban tugas dan ujian,Positif
MHS-00907,Teknik,8,42,66,38,39,3,Social Adaptation,Layanan kampus dan fasilitas,Netral
MHS-00908,Ilmu Budaya,2,59,68,58,47,2,Career Concern,Biaya kuliah dan keuangan,Positif
MHS-00909,Ekonomi dan Bisnis,5,72,33,87,74,4,Balanced Wellbeing,Biaya kuliah dan keuangan,Positif
MHS-00910,Teknik,1,70,49,86,69,4,Balanced Wellbeing,Kecemasan karier dan magang,Positif
MHS-00911,MIPA,7,73,50,72,70,4,Balanced Wellbeing,Kecemasan karier dan magang,Netral
MHS-00912,Ilmu Budaya,6,58,54,70,82,4,Balanced Wellbeing,Layanan kampus dan fasilitas,Negatif
MHS-00913,Kedokteran,3,55,89,44,60,1,Academic Pressure,Biaya kuliah dan keuangan,Negatif
MHS-00914,Teknik,7,48,60,33,40,3,Social Adaptation,Beban tugas dan ujian,Positif
MHS-00915,MIPA,4,46,66,43,53,3,Social Adaptation,Dukungan dosen dan dosen wali,Positif
MHS-00916,MIPA,2,47,80,30,49,3,Social Adaptation,Beban tugas dan ujian,Negatif
MHS-00917,Ekonomi dan Bisnis,7,60,57,54,44,2,Career Concern,Beban tugas dan ujian,Negatif
MHS-00918,Ilmu Budaya,3,86,51,75,78,4,Balanced Wellbeing,Kecemasan karier dan magang,Negatif
MHS-00919,MIPA,1,52,58,33,64,3,Social Adaptation,Kecemasan karier dan magang,Netral
MHS-00920,Kedokteran,2,40,59,38,52,3,Social Adaptation,Kecemasan karier dan magang,Negatif
MHS-00921,Hukum,5,80,50,81,77,4,Balanced Wellbeing,Kesepian dan adaptasi sosial,Positif
MHS-00922,Kedokteran,7,59,64,55,28,2,Career Concern,Beban tugas dan ujian,Netral
MHS-00923,Hukum,5,84,43,86,68,4,Balanced Wellbeing,Kegiatan dan komunitas,Negatif
MHS-00924,Teknik,5,37,95,58,44,1,Academic Pressure,Layanan kampus dan fasilitas,Negatif
MHS-00925,Ilmu Budaya,3,68,44,90,83,4,Balanced Wellbeing,Biaya kuliah dan keuangan,Negatif
MHS-00926,Ekonomi dan Bisnis,8,47,83,50,40,1,Academic Pressure,Layanan kampus dan fasilitas,Positif
MHS-00927,MIPA,2,50,54,67,47,2,Career Concern,Layanan kampus dan fasilitas,Positif
MHS-00928,Kedokteran,7,55,64,65,35,2,Career Concern,Beban tugas dan ujian,Negatif
MHS-00929,Teknik,8,52,56,52,31,2,Career Concern,Biaya kuliah dan keuangan,Negatif
MHS-00930,Ilmu Budaya,5,42,60,46,58,3,Social Adaptation,Biaya kuliah dan keuangan,Negatif
MHS-00931,Ilmu Budaya,2,73,46,73,95,4,Balanced Wellbeing,Kegiatan dan komunitas,Negatif
MHS-00932,Ilmu Budaya,4,51,82,49,62,1,Academic Pressure,Kecemasan karier dan magang,Negatif
MHS-00933,Teknik,2,75,45,79,71,4,Balanced Wellbeing,Beban tugas dan ujian,Positif
MHS-00934,Ilmu Budaya,2,52,56,40,61,3,Social Adaptation,Kecemasan karier dan magang,Negatif
MHS-00935,Ekonomi dan Bisnis,8,85,39,75,65,4,Balanced Wellbeing,Dukungan dosen dan dosen wali,Negatif
MHS-00936,Ekonomi dan Bisnis,4,69,67,60,36,2,Career Concern,Dukungan dosen dan dosen wali,Negatif
MHS-00937,Ekonomi dan Bisnis,6,51,96,56,55,1,Academic Pressure,Kegiatan dan komunitas,Positif
MHS-00938,Ilmu Budaya,4,79,48,86,70,4,Balanced Wellbeing,Kegiatan dan komunitas,Negatif
MHS-00939,Teknik,2,60,58,45,63,3,Social Adaptation,Kecemasan karier dan magang,Negatif
MHS-00940,Kedokteran,7,50,58,69,50,2,Career Concern,Kecemasan karier dan magang,Negatif
MHS-00941,Ilmu Budaya,4,47,85,47,41,1,Academic Pressure,Biaya kuliah dan keuangan,Negatif
MHS-00942,Teknik,4,46,61,43,59,3,Social Adaptation,Beban tugas dan ujian,Negatif
MHS-00943,Ilmu Budaya,7,52,85,45,43,1,Academic Pressure,Beban tugas dan ujian,Negatif
MHS-00944,Kedokteran,1,60,64,53,34,2,Career Concern,Beban tugas dan ujian,Negatif
MHS-00945,Ekonomi dan Bisnis,3,83,36,85,84,4,Balanced Wellbeing,Biaya kuliah dan keuangan,Positif
MHS-00946,Hukum,1,55,64,61,47,2,Career Concern,Layanan kampus dan fasilitas,Negatif
MHS-00947,Kedokteran,4,73,46,92,75,4,Balanced Wellbeing,Layanan kampus dan fasilitas,Netral
MHS-00948,MIPA,5,50,75,47,52,1,Academic Pressure,Dukungan dosen dan dosen wali,Negatif
MHS-00949,MIPA,8,53,43,64,28,2,Career Concern,Beban tugas dan ujian,Negatif
MHS-00950,Teknik,4,43,85,62,51,1,Academic Pressure,Layanan kampus dan fasilitas,Positif
MHS-00951,Hukum,8,82,64,66,58,4,Balanced Wellbeing,Layanan kampus dan fasilitas,Negatif
MHS-00952,MIPA,6,41,49,61,49,2,Career Concern,Kegiatan dan komunitas,Netral
MHS-00953,Hukum,3,77,39,89,72,4,Balanced Wellbeing,Kesepian dan adaptasi sosial,Netral
MHS-00954,Ilmu Budaya,1,54,69,44,60,3,Social Adaptation,Kecemasan karier dan magang,Negatif
MHS-00955,Kedokteran,5,47,64,68,44,2,Career Concern,Kegiatan dan komunitas,Positif
MHS-00956,MIPA,2,53,85,60,51,1,Academic Pressure,Biaya kuliah dan keuangan,Negatif
MHS-00957,Kedokteran,5,70,39,83,73,4,Balanced Wellbeing,Layanan kampus dan fasilitas,Negatif
MHS-00958,MIPA,4,47,54,63,48,2,Career Concern,Biaya kuliah dan keuangan,Negatif
MHS-00959,MIPA,8,63,72,63,40,2,Career Concern,Dukungan dosen dan dosen wali,Negatif
MHS-00960,MIPA,1,50,63,60,45,2,Career Concern,Kegiatan dan komunitas,Negatif
MHS-00961,MIPA,5,58,69,68,51,2,Career Concern,Beban tugas dan ujian,Positif
MHS-00962,Teknik,5,53,66,52,52,1,Academic Pressure,Kegiatan dan komunitas,Positif
MHS-00963,MIPA,1,64,41,82,70,4,Balanced Wellbeing,Dukungan dosen dan dosen wali,Negatif
MHS-00964,Kedokteran,1,59,71,66,38,2,Career Concern,Kegiatan dan komunitas,Negatif
MHS-00965,Ilmu Budaya,1,44,79,59,55,1,Academic Pressure,Kegiatan dan komunitas,Netral
MHS-00966,Kedokteran,8,52,60,63,59,2,Career Concern,Kegiatan dan komunitas,Netral
MHS-00967,Hukum,4,56,92,55,61,1,Academic Pressure,Kesepian dan adaptasi sosial,Negatif
MHS-00968,Ilmu Budaya,7,45,66,27,67,3,Social Adaptation,Kegiatan dan komunitas,Negatif
MHS-00969,MIPA,8,56,62,27,44,3,Social Adaptation,Beban tugas dan ujian,Positif
MHS-00970,MIPA,4,74,46,85,81,4,Balanced Wellbeing,Biaya kuliah dan keuangan,Positif
MHS-00971,Ekonomi dan Bisnis,5,54,91,46,48,1,Academic Pressure,Kegiatan dan komunitas,Positif
MHS-00972,MIPA,5,71,39,68,76,4,Balanced Wellbeing,Kecemasan karier dan magang,Netral
MHS-00973,Ekonomi dan Bisnis,2,51,59,50,60,3,Social Adaptation,Dukungan dosen dan dosen wali,Negatif
MHS-00974,Ekonomi dan Bisnis,7,90,44,79,68,4,Balanced Wellbeing,Kegiatan dan komunitas,Positif
MHS-00975,Hukum,1,60,85,47,54,1,Academic Pressure,Kecemasan karier dan magang,Negatif
MHS-00976,Kedokteran,4,71,43,79,82,4,Balanced Wellbeing,Kecemasan karier dan magang,Positif
MHS-00977,Teknik,3,77,46,83,73,4,Balanced Wellbeing,Beban tugas dan ujian,Negatif
MHS-00978,Ilmu Budaya,4,53,93,64,45,1,Academic Pressure,Kegiatan dan komunitas,Negatif
MHS-00979,Hukum,7,70,50,64,35,2,Career Concern,Kegiatan dan komunitas,Negatif
MHS-00980,Ekonomi dan Bisnis,5,62,63,56,39,2,Career Concern,Kegiatan dan komunitas,Negatif
MHS-00981,MIPA,5,79,45,66,66,4,Balanced Wellbeing,Kesepian dan adaptasi sosial,Netral
MHS-00982,Ilmu Budaya,5,71,53,36,56,3,Social Adaptation,Kecemasan karier dan magang,Negatif
MHS-00983,Ekonomi dan Bisnis,8,48,43,29,43,3,Social Adaptation,Beban tugas dan ujian,Positif
MHS-00984,Hukum,2,78,39,87,77,4,Balanced Wellbeing,Layanan kampus dan fasilitas,Negatif
MHS-00985,Ekonomi dan Bisnis,1,42,82,49,59,1,Academic Pressure,Beban tugas dan ujian,Negatif
MHS-00986,Ilmu Budaya,7,41,70,47,59,3,Social Adaptation,Dukungan dosen dan dosen wali,Negatif
MHS-00987,Kedokteran,7,56,89,61,47,1,Academic Pressure,Beban tugas dan ujian,Negatif
MHS-00988,Teknik,4,58,45,59,43,2,Career Concern,Kegiatan dan komunitas,Negatif
MHS-00989,Ekonomi dan Bisnis,7,53,69,83,26,2,Career Concern,Kesepian dan adaptasi sosial,Netral
MHS-00990,Ekonomi dan Bisnis,8,79,58,86,58,4,Balanced Wellbeing,Dukungan dosen dan dosen wali,Negatif
MHS-00991,Teknik,1,76,62,75,83,4,Balanced Wellbeing,Biaya kuliah dan keuangan,Positif
MHS-00992,Hukum,4,59,64,67,43,2,Career Concern,Beban tugas dan ujian,Negatif
MHS-00993,Ilmu Budaya,1,72,35,76,75,4,Balanced Wellbeing,Biaya kuliah dan keuangan,Negatif
MHS-00994,Ilmu Budaya,8,46,92,39,52,1,Academic Pressure,Beban tugas dan ujian,Negatif
MHS-00995,MIPA,6,48,60,39,39,3,Social Adaptation,Kegiatan dan komunitas,Positif
MHS-00996,Hukum,1,67,58,72,77,4,Balanced Wellbeing,Kegiatan dan komunitas,Negatif
MHS-00997,MIPA,5,61,47,27,60,3,Social Adaptation,Kecemasan karier dan magang,Positif
MHS-00998,Ekonomi dan Bisnis,5,53,78,52,46,1,Academic Pressure,Biaya kuliah dan keuangan,Netral
MHS-00999,Kedokteran,6,47,93,55,50,1,Academic Pressure,Kegiatan dan komunitas,Negatif
MHS-01000,Ekonomi dan Bisnis,7,37,64,46,45,2,Career Concern,Beban tugas dan ujian,Netral
MHS-01001,Kedokteran,8,58,59,37,72,3,Social Adaptation,Kecemasan karier dan magang,Negatif
MHS-01002,Ilmu Budaya,6,51,73,41,66,3,Social Adaptation,Beban tugas dan ujian,Netral
MHS-01003,MIPA,1,77,45,88,61,4,Balanced Wellbeing,Layanan kampus dan fasilitas,Negatif
MHS-01004,Hukum,7,52,84,41,45,1,Academic Pressure,Beban tugas dan ujian,Netral
MHS-01005,Ilmu Budaya,5,59,52,52,50,2,Career Concern,Layanan kampus dan fasilitas,Negatif
MHS-01006,Hukum,6,44,79,56,58,1,Academic Pressure,Kecemasan karier dan magang,Negatif
MHS-01007,Ekonomi dan Bisnis,7,48,70,74,46,1,Academic Pressure,Layanan kampus dan fasilitas,Positif
MHS-01008,MIPA,5,38,83,49,54,1,Academic Pressure,Kecemasan karier dan magang,Negatif
MHS-01009,Ilmu Budaya,6,39,100,51,43,1,Academic Pressure,Beban tugas dan ujian,Negatif
MHS-01010,Ekonomi dan Bisnis,4,43,56,28,63,3,Social Adaptation,Kegiatan dan komunitas,Positif
MHS-01011,MIPA,3,52,54,44,63,3,Social Adaptation,Layanan kampus dan fasilitas,Negatif
MHS-01012,Hukum,8,43,83,43,58,1,Academic Pressure,Dukungan dosen dan dosen wali,Negatif
MHS-01013,Ilmu Budaya,7,49,84,45,51,1,Academic Pressure,Biaya kuliah dan keuangan,Negatif
MHS-01014,Teknik,1,50,72,56,53,2,Career Concern,Beban tugas dan ujian,Positif
MHS-01015,Ekonomi dan Bisnis,3,43,64,59,52,2,Career Concern,Dukungan dosen dan dosen wali,Positif
MHS-01016,Ilmu Budaya,6,56,75,47,60,1,Academic Pressure,Kesepian dan adaptasi sosial,Negatif
MHS-01017,MIPA,7,77,55,89,76,4,Balanced Wellbeing,Biaya kuliah dan keuangan,Negatif
MHS-01018,MIPA,5,53,70,60,51,1,Academic Pressure,Layanan kampus dan fasilitas,Positif
MHS-01019,Kedokteran,2,45,90,55,56,1,Academic Pressure,Kecemasan karier dan magang,Netral
MHS-01020,MIPA,4,76,44,96,62,4,Balanced Wellbeing,Beban tugas dan ujian,Negatif
MHS-01021,Ilmu Budaya,5,65,57,58,45,2,Career Concern,Beban tugas dan ujian,Netral
MHS-01022,Hukum,2,72,46,84,78,4,Balanced Wellbeing,Biaya kuliah dan keuangan,Positif
MHS-01023,Hukum,2,51,88,42,55,1,Academic Pressure,Dukungan dosen dan dosen wali,Netral
MHS-01024,Hukum,1,45,72,58,61,1,Academic Pressure,Dukungan dosen dan dosen wali,Netral
MHS-01025,Ekonomi dan Bisnis,8,76,51,70,75,4,Balanced Wellbeing,Biaya kuliah dan keuangan,Negatif
MHS-01026,MIPA,4,49,56,29,61,3,Social Adaptation,Dukungan dosen dan dosen wali,Negatif
MHS-01027,Ekonomi dan Bisnis,5,48,54,50,45,2,Career Concern,Kegiatan dan komunitas,Negatif
MHS-01028,Teknik,5,70,50,76,74,4,Balanced Wellbeing,Kesepian dan adaptasi sosial,Positif
MHS-01029,Hukum,3,41,83,64,60,1,Academic Pressure,Kegiatan dan komunitas,Positif
MHS-01030,Ilmu Budaya,1,49,60,37,63,3,Social Adaptation,Layanan kampus dan fasilitas,Positif
MHS-01031,Hukum,4,50,62,67,40,2,Career Concern,Biaya kuliah dan keuangan,Netral
MHS-01032,MIPA,6,55,75,55,48,1,Academic Pressure,Kecemasan karier dan magang,Netral
MHS-01033,MIPA,2,86,52,91,66,4,Balanced Wellbeing,Dukungan dosen dan dosen wali,Negatif
MHS-01034,Ekonomi dan Bisnis,6,80,39,78,67,4,Balanced Wellbeing,Biaya kuliah dan keuangan,Negatif
MHS-01035,Ilmu Budaya,1,55,70,45,50,1,Academic Pressure,Kecemasan karier dan magang,Negatif
MHS-01036,Ilmu Budaya,3,63,64,41,50,3,Social Adaptation,Kegiatan dan komunitas,Positif
MHS-01037,MIPA,3,45,68,53,52,1,Academic Pressure,Beban tugas dan ujian,Positif
MHS-01038,Kedokteran,8,47,68,36,57,3,Social Adaptation,Kecemasan karier dan magang,Negatif
MHS-01039,Kedokteran,4,52,62,56,47,2,Career Concern,Kesepian dan adaptasi sosial,Negatif
MHS-01040,Ilmu Budaya,4,54,58,65,65,2,Career Concern,Kesepian dan adaptasi sosial,Negatif
MHS-01041,Ilmu Budaya,4,65,39,66,46,2,Career Concern,Beban tugas dan ujian,Negatif
MHS-01042,Kedokteran,6,70,43,80,67,4,Balanced Wellbeing,Kegiatan dan komunitas,Negatif
MHS-01043,MIPA,8,70,60,62,29,2,Career Concern,Biaya kuliah dan keuangan,Positif
MHS-01044,Ilmu Budaya,2,45,55,60,26,2,Career Concern,Kesepian dan adaptasi sosial,Negatif
MHS-01045,Ilmu Budaya,3,53,97,67,62,1,Academic Pressure,Dukungan dosen dan dosen wali,Positif
MHS-01046,Hukum,5,44,65,31,60,3,Social Adaptation,Layanan kampus dan fasilitas,Negatif
MHS-01047,Kedokteran,5,44,93,61,33,1,Academic Pressure,Kesepian dan adaptasi sosial,Negatif
MHS-01048,Teknik,6,78,42,65,71,4,Balanced Wellbeing,Kesepian dan adaptasi sosial,Negatif
MHS-01049,Teknik,1,46,76,62,56,1,Academic Pressure,Layanan kampus dan fasilitas,Negatif
MHS-01050,Ilmu Budaya,5,51,73,43,55,3,Social Adaptation,Biaya kuliah dan keuangan,Netral
MHS-01051,Kedokteran,3,48,59,45,68,3,Social Adaptation,Biaya kuliah dan keuangan,Netral
MHS-01052,Hukum,8,42,69,44,49,3,Social Adaptation,Kecemasan karier dan magang,Negatif
MHS-01053,Kedokteran,2,49,77,63,66,1,Academic Pressure,Beban tugas dan ujian,Negatif
MHS-01054,Ilmu Budaya,8,53,72,62,51,2,Career Concern,Biaya kuliah dan keuangan,Negatif
MHS-01055,Hukum,3,86,29,94,68,4,Balanced Wellbeing,Kegiatan dan komunitas,Negatif
MHS-01056,Kedokteran,8,60,93,52,47,1,Academic Pressure,Kegiatan dan komunitas,Netral
MHS-01057,Hukum,1,68,61,34,61,3,Social Adaptation,Kecemasan karier dan magang,Negatif
MHS-01058,MIPA,5,64,64,61,62,2,Career Concern,Beban tugas dan ujian,Netral
MHS-01059,Teknik,8,74,39,89,77,4,Balanced Wellbeing,Layanan kampus dan fasilitas,Netral
MHS-01060,Hukum,3,76,31,81,74,4,Balanced Wellbeing,Dukungan dosen dan dosen wali,Positif
MHS-01061,Teknik,5,59,57,60,41,2,Career Concern,Kegiatan dan komunitas,Negatif
MHS-01062,MIPA,6,80,40,75,57,4,Balanced Wellbeing,Layanan kampus dan fasilitas,Negatif
MHS-01063,Kedokteran,2,54,63,38,53,3,Social Adaptation,Kecemasan karier dan magang,Negatif
MHS-01064,Kedokteran,6,64,71,62,43,2,Career Concern,Beban tugas dan ujian,Negatif
MHS-01065,Ekonomi dan Bisnis,6,46,62,48,64,3,Social Adaptation,Layanan kampus dan fasilitas,Netral
MHS-01066,Kedokteran,4,42,75,68,38,1,Academic Pressure,Dukungan dosen dan dosen wali,Positif
MHS-01067,Ekonomi dan Bisnis,5,77,49,77,79,4,Balanced Wellbeing,Kecemasan karier dan magang,Negatif
MHS-01068,Ilmu Budaya,3,37,82,48,61,1,Academic Pressure,Beban tugas dan ujian,Positif
MHS-01069,Kedokteran,4,58,61,30,48,3,Social Adaptation,Biaya kuliah dan keuangan,Netral
MHS-01070,Teknik,2,87,53,79,82,4,Balanced Wellbeing,Layanan kampus dan fasilitas,Netral
MHS-01071,Hukum,2,44,67,36,56,3,Social Adaptation,Dukungan dosen dan dosen wali,Negatif
MHS-01072,Ekonomi dan Bisnis,8,49,74,64,50,2,Career Concern,Layanan kampus dan fasilitas,Negatif
MHS-01073,Kedokteran,6,50,56,49,52,2,Career Concern,Layanan kampus dan fasilitas,Negatif
MHS-01074,Ilmu Budaya,7,85,36,87,68,4,Balanced Wellbeing,Kegiatan dan komunitas,Negatif
MHS-01075,MIPA,4,51,87,44,44,1,Academic Pressure,Layanan kampus dan fasilitas,Positif
MHS-01076,Ilmu Budaya,7,82,44,81,59,4,Balanced Wellbeing,Kecemasan karier dan magang,Negatif
MHS-01077,Hukum,4,46,86,60,45,1,Academic Pressure,Kecemasan karier dan magang,Netral
MHS-01078,Ilmu Budaya,7,52,67,57,32,2,Career Concern,Kegiatan dan komunitas,Negatif
MHS-01079,Kedokteran,7,50,77,56,48,2,Career Concern,Layanan kampus dan fasilitas,Negatif
MHS-01080,Kedokteran,6,71,43,69,65,4,Balanced Wellbeing,Biaya kuliah dan keuangan,Netral
MHS-01081,Kedokteran,7,63,62,59,44,2,Career Concern,Beban tugas dan ujian,Negatif
MHS-01082,Ilmu Budaya,3,46,69,81,48,2,Career Concern,Kecemasan karier dan magang,Negatif
MHS-01083,Teknik,3,68,56,75,67,4,Balanced Wellbeing,Biaya kuliah dan keuangan,Negatif
MHS-01084,Ilmu Budaya,5,41,72,52,53,1,Academic Pressure,Dukungan dosen dan dosen wali,Netral
MHS-01085,Kedokteran,2,51,66,56,52,2,Career Concern,Kegiatan dan komunitas,Negatif
MHS-01086,Kedokteran,4,76,46,91,69,4,Balanced Wellbeing,Layanan kampus dan fasilitas,Positif
MHS-01087,MIPA,6,47,85,47,52,1,Academic Pressure,Biaya kuliah dan keuangan,Negatif
MHS-01088,Kedokteran,1,47,88,47,56,1,Academic Pressure,Layanan kampus dan fasilitas,Negatif
MHS-01089,Ilmu Budaya,7,62,68,65,47,2,Career Concern,Biaya kuliah dan keuangan,Negatif
MHS-01090,Teknik,2,91,35,84,64,4,Balanced Wellbeing,Biaya kuliah dan keuangan,Negatif
MHS-01091,Hukum,5,55,56,41,57,3,Social Adaptation,Kesepian dan adaptasi sosial,Negatif
MHS-01092,Ekonomi dan Bisnis,5,75,42,97,63,4,Balanced Wellbeing,Biaya kuliah dan keuangan,Netral
MHS-01093,Kedokteran,3,85,49,84,92,4,Balanced Wellbeing,Biaya kuliah dan keuangan,Netral
MHS-01094,Hukum,3,47,82,58,65,1,Academic Pressure,Biaya kuliah dan keuangan,Negatif
MHS-01095,Kedokteran,8,58,61,60,46,2,Career Concern,Layanan kampus dan fasilitas,Negatif
MHS-01096,Ekonomi dan Bisnis,8,51,57,55,57,2,Career Concern,Kegiatan dan komunitas,Positif
MHS-01097,Hukum,8,49,64,50,41,3,Social Adaptation,Layanan kampus dan fasilitas,Positif
MHS-01098,Ekonomi dan Bisnis,3,45,74,29,60,3,Social Adaptation,Layanan kampus dan fasilitas,Negatif
MHS-01099,MIPA,3,58,80,49,52,1,Academic Pressure,Kesepian dan adaptasi sosial,Netral
MHS-01100,Hukum,7,58,81,57,56,1,Academic Pressure,Layanan kampus dan fasilitas,Negatif
MHS-01101,Hukum,6,46,68,51,68,3,Social Adaptation,Layanan kampus dan fasilitas,Netral
MHS-01102,Ekonomi dan Bisnis,7,43,63,44,49,2,Career Concern,Biaya kuliah dan keuangan,Negatif
MHS-01103,Ilmu Budaya,7,48,58,30,53,3,Social Adaptation,Kecemasan karier dan magang,Netral
MHS-01104,Kedokteran,4,60,61,35,38,3,Social Adaptation,Kecemasan karier dan magang,Netral
MHS-01105,Ekonomi dan Bisnis,3,57,43,56,35,2,Career Concern,Kesepian dan adaptasi sosial,Negatif
MHS-01106,Ekonomi dan Bisnis,8,82,42,75,90,4,Balanced Wellbeing,Kesepian dan adaptasi sosial,Negatif
MHS-01107,Kedokteran,3,85,44,88,81,4,Balanced Wellbeing,Kecemasan karier dan magang,Negatif
MHS-01108,Teknik,7,40,67,70,51,1,Academic Pressure,Biaya kuliah dan keuangan,Positif
MHS-01109,Teknik,5,62,61,24,63,3,Social Adaptation,Kegiatan dan komunitas,Negatif
MHS-01110,Teknik,2,56,50,57,37,2,Career Concern,Kecemasan karier dan magang,Positif
MHS-01111,Ekonomi dan Bisnis,8,74,38,77,70,4,Balanced Wellbeing,Kecemasan karier dan magang,Negatif
MHS-01112,Hukum,8,54,47,62,36,2,Career Concern,Biaya kuliah dan keuangan,Positif
MHS-01113,Kedokteran,6,50,57,36,63,3,Social Adaptation,Dukungan dosen dan dosen wali,Negatif
MHS-01114,Hukum,3,41,63,34,70,3,Social Adaptation,Kecemasan karier dan magang,Netral
MHS-01115,Kedokteran,7,54,73,55,53,1,Academic Pressure,Kesepian dan adaptasi sosial,Netral
MHS-01116,Ilmu Budaya,3,52,76,43,63,1,Academic Pressure,Kegiatan dan komunitas,Netral
MHS-01117,Kedokteran,2,54,79,52,57,1,Academic Pressure,Dukungan dosen dan dosen wali,Negatif
MHS-01118,Ekonomi dan Bisnis,4,63,63,43,45,3,Social Adaptation,Biaya kuliah dan keuangan,Netral
MHS-01119,Teknik,1,67,64,49,41,2,Career Concern,Kesepian dan adaptasi sosial,Netral
MHS-01120,Ilmu Budaya,3,71,35,80,86,4,Balanced Wellbeing,Beban tugas dan ujian,Positif
MHS-01121,Kedokteran,1,74,28,83,71,4,Balanced Wellbeing,Kecemasan karier dan magang,Negatif
MHS-01122,Ekonomi dan Bisnis,8,44,56,57,54,2,Career Concern,Beban tugas dan ujian,Negatif
MHS-01123,Teknik,8,44,58,46,58,3,Social Adaptation,Kegiatan dan komunitas,Netral
MHS-01124,Hukum,3,82,45,74,77,4,Balanced Wellbeing,Biaya kuliah dan keuangan,Netral
MHS-01125,Kedokteran,8,62,55,60,54,2,Career Concern,Beban tugas dan ujian,Positif
MHS-01126,Ilmu Budaya,5,66,58,63,46,2,Career Concern,Beban tugas dan ujian,Positif
MHS-01127,MIPA,5,55,74,38,52,3,Social Adaptation,Biaya kuliah dan keuangan,Positif
MHS-01128,Ilmu Budaya,3,78,57,77,78,4,Balanced Wellbeing,Kegiatan dan komunitas,Negatif
MHS-01129,Ekonomi dan Bisnis,5,39,63,26,64,3,Social Adaptation,Kesepian dan adaptasi sosial,Positif
MHS-01130,MIPA,7,55,45,59,50,2,Career Concern,Kegiatan dan komunitas,Negatif
MHS-01131,Teknik,4,67,57,93,71,4,Balanced Wellbeing,Kecemasan karier dan magang,Netral
MHS-01132,Ekonomi dan Bisnis,8,40,85,42,47,1,Academic Pressure,Kegiatan dan komunitas,Negatif
MHS-01133,Hukum,7,86,42,98,68,4,Balanced Wellbeing,Dukungan dosen dan dosen wali,Positif
MHS-01134,MIPA,6,73,44,86,76,4,Balanced Wellbeing,Kesepian dan adaptasi sosial,Positif
MHS-01135,Ekonomi dan Bisnis,5,69,58,76,76,4,Balanced Wellbeing,Layanan kampus dan fasilitas,Negatif
MHS-01136,Teknik,3,50,55,31,56,3,Social Adaptation,Kegiatan dan komunitas,Positif
MHS-01137,Ekonomi dan Bisnis,3,83,43,81,60,4,Balanced Wellbeing,Biaya kuliah dan keuangan,Negatif
MHS-01138,Teknik,7,48,56,37,56,3,Social Adaptation,Kesepian dan adaptasi sosial,Negatif
MHS-01139,Teknik,6,58,57,46,58,3,Social Adaptation,Kegiatan dan komunitas,Netral
MHS-01140,Ekonomi dan Bisnis,2,51,83,51,50,1,Academic Pressure,Layanan kampus dan fasilitas,Positif
MHS-01141,Hukum,3,76,37,78,82,4,Balanced Wellbeing,Dukungan dosen dan dosen wali,Negatif
MHS-01142,Ilmu Budaya,5,60,47,77,38,2,Career Concern,Beban tugas dan ujian,Netral
MHS-01143,MIPA,8,67,72,50,37,2,Career Concern,Dukungan dosen dan dosen wali,Netral
MHS-01144,Ekonomi dan Bisnis,5,69,49,69,55,2,Career Concern,Kecemasan karier dan magang,Negatif
MHS-01145,Ekonomi dan Bisnis,4,53,87,69,58,1,Academic Pressure,Kecemasan karier dan magang,Negatif
MHS-01146,Ilmu Budaya,2,77,53,91,87,4,Balanced Wellbeing,Kegiatan dan komunitas,Positif
MHS-01147,Ilmu Budaya,2,76,48,75,76,4,Balanced Wellbeing,Beban tugas dan ujian,Positif
MHS-01148,Kedokteran,6,52,66,50,53,3,Social Adaptation,Kesepian dan adaptasi sosial,Negatif
MHS-01149,Ilmu Budaya,7,57,63,61,44,2,Career Concern,Kegiatan dan komunitas,Negatif
MHS-01150,Hukum,7,58,78,56,64,1,Academic Pressure,Kesepian dan adaptasi sosial,Negatif
MHS-01151,MIPA,3,90,50,80,74,4,Balanced Wellbeing,Kecemasan karier dan magang,Netral
MHS-01152,Ekonomi dan Bisnis,7,83,37,74,79,4,Balanced Wellbeing,Kecemasan karier dan magang,Negatif
MHS-01153,Teknik,8,72,39,92,67,4,Balanced Wellbeing,Kecemasan karier dan magang,Negatif
MHS-01154,Teknik,3,41,94,46,66,1,Academic Pressure,Kesepian dan adaptasi sosial,Negatif
MHS-01155,Teknik,2,50,63,40,55,3,Social Adaptation,Kesepian dan adaptasi sosial,Negatif
MHS-01156,Kedokteran,3,67,48,71,44,2,Career Concern,Biaya kuliah dan keuangan,Netral
MHS-01157,Ekonomi dan Bisnis,3,62,47,83,69,4,Balanced Wellbeing,Kegiatan dan komunitas,Positif
MHS-01158,Ekonomi dan Bisnis,5,34,91,59,55,1,Academic Pressure,Biaya kuliah dan keuangan,Netral
MHS-01159,Kedokteran,3,56,61,43,53,3,Social Adaptation,Layanan kampus dan fasilitas,Positif
MHS-01160,Hukum,1,66,35,81,73,4,Balanced Wellbeing,Kegiatan dan komunitas,Positif
MHS-01161,MIPA,7,42,62,27,47,3,Social Adaptation,Kesepian dan adaptasi sosial,Positif
MHS-01162,Ekonomi dan Bisnis,5,57,48,54,43,2,Career Concern,Biaya kuliah dan keuangan,Positif
MHS-01163,Kedokteran,7,46,55,35,57,3,Social Adaptation,Dukungan dosen dan dosen wali,Negatif
MHS-01164,Kedokteran,5,77,42,79,69,4,Balanced Wellbeing,Kesepian dan adaptasi sosial,Negatif
MHS-01165,Ekonomi dan Bisnis,3,67,45,100,63,4,Balanced Wellbeing,Kegiatan dan komunitas,Netral
MHS-01166,Teknik,6,62,43,70,70,4,Balanced Wellbeing,Layanan kampus dan fasilitas,Negatif
MHS-01167,Hukum,3,61,62,54,35,2,Career Concern,Layanan kampus dan fasilitas,Positif
MHS-01168,Ilmu Budaya,8,76,55,57,60,2,Career Concern,Kesepian dan adaptasi sosial,Negatif
MHS-01169,MIPA,2,44,70,58,64,1,Academic Pressure,Beban tugas dan ujian,Positif
MHS-01170,Ekonomi dan Bisnis,7,69,78,62,50,1,Academic Pressure,Kesepian dan adaptasi sosial,Netral
MHS-01171,MIPA,3,52,80,44,59,1,Academic Pressure,Kecemasan karier dan magang,Negatif
MHS-01172,Ilmu Budaya,4,53,86,63,58,1,Academic Pressure,Dukungan dosen dan dosen wali,Negatif
MHS-01173,Kedokteran,1,59,75,38,45,3,Social Adaptation,Kesepian dan adaptasi sosial,Positif
MHS-01174,Kedokteran,4,64,70,68,37,2,Career Concern,Layanan kampus dan fasilitas,Negatif
MHS-01175,Ilmu Budaya,7,39,74,30,44,3,Social Adaptation,Beban tugas dan ujian,Netral
MHS-01176,Kedokteran,6,75,52,71,73,4,Balanced Wellbeing,Beban tugas dan ujian,Negatif
MHS-01177,Hukum,8,51,70,35,85,3,Social Adaptation,Layanan kampus dan fasilitas,Netral
MHS-01178,Hukum,2,74,43,91,83,4,Balanced Wellbeing,Layanan kampus dan fasilitas,Negatif
MHS-01179,Teknik,6,47,51,43,46,3,Social Adaptation,Dukungan dosen dan dosen wali,Positif
MHS-01180,Hukum,1,63,56,28,48,3,Social Adaptation,Kecemasan karier dan magang,Netral
MHS-01181,Kedokteran,6,60,75,52,36,1,Academic Pressure,Kegiatan dan komunitas,Netral
MHS-01182,Ekonomi dan Bisnis,4,59,53,58,33,2,Career Concern,Layanan kampus dan fasilitas,Positif
MHS-01183,Kedokteran,6,49,71,70,30,2,Career Concern,Layanan kampus dan fasilitas,Netral
MHS-01184,MIPA,8,51,76,68,48,2,Career Concern,Dukungan dosen dan dosen wali,Negatif
MHS-01185,Ekonomi dan Bisnis,6,67,57,90,65,4,Balanced Wellbeing,Beban tugas dan ujian,Negatif
MHS-01186,Hukum,2,63,41,72,72,4,Balanced Wellbeing,Kecemasan karier dan magang,Negatif
MHS-01187,Ekonomi dan Bisnis,7,52,58,33,64,3,Social Adaptation,Beban tugas dan ujian,Positif
MHS-01188,Teknik,4,59,32,77,79,4,Balanced Wellbeing,Layanan kampus dan fasilitas,Negatif
MHS-01189,Ekonomi dan Bisnis,3,46,76,61,45,1,Academic Pressure,Beban tugas dan ujian,Negatif
MHS-01190,Ekonomi dan Bisnis,7,48,63,67,43,2,Career Concern,Dukungan dosen dan dosen wali,Netral
MHS-01191,Kedokteran,4,50,74,57,43,1,Academic Pressure,Biaya kuliah dan keuangan,Netral
MHS-01192,Teknik,8,63,48,64,33,2,Career Concern,Layanan kampus dan fasilitas,Negatif
MHS-01193,Ilmu Budaya,5,73,34,58,66,4,Balanced Wellbeing,Layanan kampus dan fasilitas,Positif
MHS-01194,Hukum,1,74,72,46,59,3,Social Adaptation,Biaya kuliah dan keuangan,Negatif
MHS-01195,Teknik,8,64,58,61,61,2,Career Concern,Kesepian dan adaptasi sosial,Netral
MHS-01196,MIPA,7,38,84,51,45,1,Academic Pressure,Kecemasan karier dan magang,Positif
MHS-01197,Teknik,2,78,45,80,63,4,Balanced Wellbeing,Layanan kampus dan fasilitas,Negatif
MHS-01198,Ilmu Budaya,2,79,22,81,72,4,Balanced Wellbeing,Biaya kuliah dan keuangan,Negatif
MHS-01199,Kedokteran,3,69,51,78,69,4,Balanced Wellbeing,Beban tugas dan ujian,Negatif
MHS-01200,Hukum,2,53,85,57,59,1,Academic Pressure,Biaya kuliah dan keuangan,Negatif
MHS-01201,Teknik,1,85,49,78,70,4,Balanced Wellbeing,Beban tugas dan ujian,Negatif
MHS-01202,Ilmu Budaya,3,47,64,43,68,3,Social Adaptation,Layanan kampus dan fasilitas,Negatif
MHS-01203,Ekonomi dan Bisnis,3,67,39,89,66,4,Balanced Wellbeing,Kegiatan dan komunitas,Positif
MHS-01204,Kedokteran,2,68,57,40,51,3,Social Adaptation,Biaya kuliah dan keuangan,Netral
MHS-01205,Ilmu Budaya,7,49,86,49,47,1,Academic Pressure,Kegiatan dan komunitas,Negatif
MHS-01206,Ilmu Budaya,1,54,64,64,39,2,Career Concern,Biaya kuliah dan keuangan,Negatif
MHS-01207,Teknik,6,68,34,66,65,4,Balanced Wellbeing,Layanan kampus dan fasilitas,Netral
MHS-01208,Kedokteran,7,71,40,88,84,4,Balanced Wellbeing,Kesepian dan adaptasi sosial,Negatif
MHS-01209,Kedokteran,1,37,77,46,75,1,Academic Pressure,Layanan kampus dan fasilitas,Positif
MHS-01210,Teknik,1,75,35,83,80,4,Balanced Wellbeing,Beban tugas dan ujian,Positif
MHS-01211,Ekonomi dan Bisnis,6,55,51,29,61,3,Social Adaptation,Dukungan dosen dan dosen wali,Netral
MHS-01212,Ekonomi dan Bisnis,1,85,38,84,76,4,Balanced Wellbeing,Beban tugas dan ujian,Positif
MHS-01213,Ekonomi dan Bisnis,7,81,46,85,60,4,Balanced Wellbeing,Kegiatan dan komunitas,Negatif
MHS-01214,Hukum,5,38,75,54,70,1,Academic Pressure,Kecemasan karier dan magang,Positif
MHS-01215,Ekonomi dan Bisnis,8,72,60,50,54,2,Career Concern,Biaya kuliah dan keuangan,Netral
MHS-01216,Teknik,3,64,49,81,85,4,Balanced Wellbeing,Kegiatan dan komunitas,Negatif
MHS-01217,MIPA,5,75,58,87,70,4,Balanced Wellbeing,Biaya kuliah dan keuangan,Positif
MHS-01218,Ekonomi dan Bisnis,3,62,56,75,52,2,Career Concern,Layanan kampus dan fasilitas,Positif
MHS-01219,Ekonomi dan Bisnis,7,50,77,56,37,1,Academic Pressure,Layanan kampus dan fasilitas,Negatif
MHS-01220,Hukum,6,71,37,93,71,4,Balanced Wellbeing,Beban tugas dan ujian,Netral
MHS-01221,Ilmu Budaya,7,82,42,83,84,4,Balanced Wellbeing,Kecemasan karier dan magang,Positif
MHS-01222,Ekonomi dan Bisnis,5,43,72,46,59,3,Social Adaptation,Layanan kampus dan fasilitas,Negatif
MHS-01223,Hukum,6,56,85,67,53,1,Academic Pressure,Biaya kuliah dan keuangan,Negatif
MHS-01224,Ekonomi dan Bisnis,1,50,82,47,58,1,Academic Pressure,Layanan kampus dan fasilitas,Netral
MHS-01225,Hukum,4,50,56,58,36,2,Career Concern,Dukungan dosen dan dosen wali,Negatif
MHS-01226,Ekonomi dan Bisnis,3,33,64,22,62,3,Social Adaptation,Biaya kuliah dan keuangan,Netral
MHS-01227,Ekonomi dan Bisnis,1,81,40,94,75,4,Balanced Wellbeing,Kesepian dan adaptasi sosial,Negatif
MHS-01228,Ilmu Budaya,8,83,53,82,81,4,Balanced Wellbeing,Dukungan dosen dan dosen wali,Negatif
MHS-01229,Hukum,4,55,56,56,42,2,Career Concern,Layanan kampus dan fasilitas,Negatif
MHS-01230,Hukum,5,58,56,38,49,3,Social Adaptation,Kecemasan karier dan magang,Negatif
MHS-01231,Ekonomi dan Bisnis,4,74,48,67,37,2,Career Concern,Biaya kuliah dan keuangan,Netral
MHS-01232,Hukum,3,53,69,35,50,3,Social Adaptation,Biaya kuliah dan keuangan,Positif
MHS-01233,Ekonomi dan Bisnis,3,37,55,42,63,3,Social Adaptation,Kegiatan dan komunitas,Positif
MHS-01234,Teknik,1,48,45,31,45,3,Social Adaptation,Beban tugas dan ujian,Positif
MHS-01235,Kedokteran,2,54,78,54,31,1,Academic Pressure,Biaya kuliah dan keuangan,Netral
MHS-01236,Ekonomi dan Bisnis,3,55,64,57,57,2,Career Concern,Kecemasan karier dan magang,Negatif
MHS-01237,Ekonomi dan Bisnis,2,39,79,67,50,1,Academic Pressure,Dukungan dosen dan dosen wali,Positif
MHS-01238,MIPA,6,54,75,41,53,1,Academic Pressure,Kesepian dan adaptasi sosial,Netral
MHS-01239,Kedokteran,2,85,42,97,58,4,Balanced Wellbeing,Kecemasan karier dan magang,Negatif
MHS-01240,Kedokteran,5,62,81,45,34,1,Academic Pressure,Dukungan dosen dan dosen wali,Positif
MHS-01241,Kedokteran,5,64,46,59,60,4,Balanced Wellbeing,Kecemasan karier dan magang,Netral
MHS-01242,Kedokteran,8,45,86,47,41,1,Academic Pressure,Kesepian dan adaptasi sosial,Negatif
MHS-01243,MIPA,1,46,55,53,61,3,Social Adaptation,Dukungan dosen dan dosen wali,Netral
MHS-01244,Kedokteran,7,48,67,61,51,2,Career Concern,Kesepian dan adaptasi sosial,Netral
MHS-01245,Hukum,2,50,88,62,56,1,Academic Pressure,Kegiatan dan komunitas,Netral
MHS-01246,Kedokteran,2,53,68,57,53,1,Academic Pressure,Kecemasan karier dan magang,Netral
MHS-01247,Teknik,3,45,69,45,66,1,Academic Pressure,Layanan kampus dan fasilitas,Netral
MHS-01248,Ekonomi dan Bisnis,2,76,42,88,82,4,Balanced Wellbeing,Kecemasan karier dan magang,Negatif
MHS-01249,MIPA,4,76,48,86,77,4,Balanced Wellbeing,Kesepian dan adaptasi sosial,Positif
MHS-01250,Ilmu Budaya,3,63,48,66,65,4,Balanced Wellbeing,Layanan kampus dan fasilitas,Negatif
MHS-01251,Teknik,4,27,76,51,40,1,Academic Pressure,Kecemasan karier dan magang,Positif
MHS-01252,Ekonomi dan Bisnis,7,61,54,52,49,2,Career Concern,Biaya kuliah dan keuangan,Positif
MHS-01253,Teknik,8,55,60,38,55,3,Social Adaptation,Biaya kuliah dan keuangan,Positif
MHS-01254,Hukum,2,50,44,41,51,2,Career Concern,Biaya kuliah dan keuangan,Netral
MHS-01255,Ilmu Budaya,6,48,59,36,73,3,Social Adaptation,Dukungan dosen dan dosen wali,Positif
MHS-01256,Hukum,6,45,56,62,48,2,Career Concern,Kesepian dan adaptasi sosial,Negatif
MHS-01257,Ekonomi dan Bisnis,7,84,44,87,68,4,Balanced Wellbeing,Kesepian dan adaptasi sosial,Positif
MHS-01258,Hukum,3,61,56,56,50,2,Career Concern,Kecemasan karier dan magang,Netral
MHS-01259,Kedokteran,5,62,65,69,45,2,Career Concern,Kecemasan karier dan magang,Negatif
MHS-01260,Teknik,2,63,52,58,37,2,Career Concern,Biaya kuliah dan keuangan,Netral
MHS-01261,Hukum,3,44,62,17,59,3,Social Adaptation,Biaya kuliah dan keuangan,Netral
MHS-01262,Ekonomi dan Bisnis,6,52,86,52,37,1,Academic Pressure,Layanan kampus dan fasilitas,Positif
MHS-01263,Kedokteran,8,59,66,63,60,2,Career Concern,Kegiatan dan komunitas,Negatif
MHS-01264,Ekonomi dan Bisnis,4,92,33,82,63,4,Balanced Wellbeing,Kegiatan dan komunitas,Positif
MHS-01265,Teknik,8,44,81,55,40,1,Academic Pressure,Kesepian dan adaptasi sosial,Netral
MHS-01266,Ekonomi dan Bisnis,6,34,86,56,45,1,Academic Pressure,Kegiatan dan komunitas,Positif
MHS-01267,Kedokteran,8,41,90,42,46,1,Academic Pressure,Biaya kuliah dan keuangan,Netral
MHS-01268,Hukum,4,60,59,47,66,3,Social Adaptation,Layanan kampus dan fasilitas,Positif
MHS-01269,Teknik,1,58,58,61,48,2,Career Concern,Dukungan dosen dan dosen wali,Netral
MHS-01270,Ilmu Budaya,6,84,45,76,77,4,Balanced Wellbeing,Beban tugas dan ujian,Positif
MHS-01271,Teknik,6,47,72,37,59,3,Social Adaptation,Layanan kampus dan fasilitas,Negatif
MHS-01272,MIPA,1,66,61,59,48,2,Career Concern,Dukungan dosen dan dosen wali,Negatif
MHS-01273,Teknik,3,87,50,81,76,4,Balanced Wellbeing,Kecemasan karier dan magang,Negatif
MHS-01274,Teknik,8,43,87,61,55,1,Academic Pressure,Kesepian dan adaptasi sosial,Netral
MHS-01275,Teknik,5,66,72,65,35,2,Career Concern,Kecemasan karier dan magang,Negatif
MHS-01276,Ekonomi dan Bisnis,3,51,77,60,53,1,Academic Pressure,Kegiatan dan komunitas,Negatif
MHS-01277,Hukum,7,42,67,37,59,3,Social Adaptation,Layanan kampus dan fasilitas,Negatif
MHS-01278,MIPA,3,40,82,69,60,1,Academic Pressure,Kesepian dan adaptasi sosial,Negatif
MHS-01279,Ekonomi dan Bisnis,5,73,56,75,73,4,Balanced Wellbeing,Biaya kuliah dan keuangan,Negatif
MHS-01280,Ilmu Budaya,4,41,64,49,55,3,Social Adaptation,Kecemasan karier dan magang,Negatif
MHS-01281,Hukum,4,79,58,79,67,4,Balanced Wellbeing,Layanan kampus dan fasilitas,Positif
MHS-01282,Kedokteran,1,34,55,37,67,3,Social Adaptation,Kecemasan karier dan magang,Positif
MHS-01283,Ekonomi dan Bisnis,8,70,50,90,72,4,Balanced Wellbeing,Kesepian dan adaptasi sosial,Netral
MHS-01284,MIPA,1,76,57,91,63,4,Balanced Wellbeing,Kegiatan dan komunitas,Negatif
MHS-01285,Hukum,4,55,39,68,48,2,Career Concern,Kesepian dan adaptasi sosial,Positif
MHS-01286,Ilmu Budaya,4,49,64,41,61,3,Social Adaptation,Beban tugas dan ujian,Positif
MHS-01287,Ekonomi dan Bisnis,8,56,78,58,52,1,Academic Pressure,Kegiatan dan komunitas,Positif
MHS-01288,Ilmu Budaya,7,45,80,53,46,1,Academic Pressure,Beban tugas dan ujian,Negatif
MHS-01289,Kedokteran,5,65,83,43,35,1,Academic Pressure,Dukungan dosen dan dosen wali,Negatif
MHS-01290,Hukum,1,62,55,61,44,2,Career Concern,Kegiatan dan komunitas,Netral
MHS-01291,Teknik,6,79,33,79,67,4,Balanced Wellbeing,Kesepian dan adaptasi sosial,Positif
MHS-01292,Ilmu Budaya,3,74,36,75,84,4,Balanced Wellbeing,Layanan kampus dan fasilitas,Negatif
MHS-01293,Kedokteran,7,63,47,52,44,2,Career Concern,Beban tugas dan ujian,Netral
MHS-01294,Teknik,6,44,62,65,40,2,Career Concern,Layanan kampus dan fasilitas,Positif
MHS-01295,Ekonomi dan Bisnis,7,49,50,68,35,2,Career Concern,Beban tugas dan ujian,Positif
MHS-01296,Ekonomi dan Bisnis,4,39,60,37,68,3,Social Adaptation,Dukungan dosen dan dosen wali,Netral
MHS-01297,Ilmu Budaya,4,78,36,70,81,4,Balanced Wellbeing,Layanan kampus dan fasilitas,Negatif
MHS-01298,Ekonomi dan Bisnis,1,42,75,63,37,1,Academic Pressure,Kegiatan dan komunitas,Positif
MHS-01299,Ekonomi dan Bisnis,2,73,39,80,67,4,Balanced Wellbeing,Kegiatan dan komunitas,Negatif
MHS-01300,Teknik,7,53,71,63,55,1,Academic Pressure,Biaya kuliah dan keuangan,Netral
MHS-01301,Hukum,1,53,64,48,31,2,Career Concern,Dukungan dosen dan dosen wali,Negatif
MHS-01302,Teknik,7,43,66,47,58,1,Academic Pressure,Dukungan dosen dan dosen wali,Netral
MHS-01303,Teknik,8,57,61,51,54,3,Social Adaptation,Biaya kuliah dan keuangan,Netral
MHS-01304,Ilmu Budaya,1,83,41,79,68,4,Balanced Wellbeing,Biaya kuliah dan keuangan,Negatif
MHS-01305,Teknik,8,47,82,66,63,1,Academic Pressure,Beban tugas dan ujian,Netral
MHS-01306,Hukum,8,68,54,72,47,2,Career Concern,Kecemasan karier dan magang,Positif
MHS-01307,Ekonomi dan Bisnis,8,56,63,70,56,2,Career Concern,Kesepian dan adaptasi sosial,Negatif
MHS-01308,Hukum,8,53,68,36,63,3,Social Adaptation,Kecemasan karier dan magang,Netral
MHS-01309,Teknik,8,50,85,65,50,1,Academic Pressure,Kesepian dan adaptasi sosial,Negatif
MHS-01310,Kedokteran,7,46,51,45,63,3,Social Adaptation,Layanan kampus dan fasilitas,Netral
MHS-01311,Ekonomi dan Bisnis,2,71,38,74,73,4,Balanced Wellbeing,Beban tugas dan ujian,Negatif
MHS-01312,Hukum,3,65,59,61,46,2,Career Concern,Layanan kampus dan fasilitas,Negatif
MHS-01313,Teknik,2,56,91,57,52,1,Academic Pressure,Layanan kampus dan fasilitas,Netral
MHS-01314,Ekonomi dan Bisnis,8,87,59,89,62,4,Balanced Wellbeing,Kesepian dan adaptasi sosial,Negatif
MHS-01315,MIPA,3,36,58,40,61,3,Social Adaptation,Kegiatan dan komunitas,Positif
MHS-01316,Ekonomi dan Bisnis,5,53,91,45,57,1,Academic Pressure,Kesepian dan adaptasi sosial,Negatif
MHS-01317,MIPA,4,87,48,87,70,4,Balanced Wellbeing,Dukungan dosen dan dosen wali,Positif
MHS-01318,MIPA,5,44,68,58,39,2,Career Concern,Kesepian dan adaptasi sosial,Positif
MHS-01319,Kedokteran,5,62,90,61,61,1,Academic Pressure,Kesepian dan adaptasi sosial,Negatif
MHS-01320,Ilmu Budaya,8,63,50,75,36,2,Career Concern,Kesepian dan adaptasi sosial,Positif
MHS-01321,Kedokteran,2,45,52,38,53,3,Social Adaptation,Dukungan dosen dan dosen wali,Negatif
MHS-01322,MIPA,4,49,68,37,64,3,Social Adaptation,Biaya kuliah dan keuangan,Positif
MHS-01323,Kedokteran,5,53,81,48,62,1,Academic Pressure,Layanan kampus dan fasilitas,Negatif
MHS-01324,Kedokteran,6,84,56,76,85,4,Balanced Wellbeing,Kecemasan karier dan magang,Positif
MHS-01325,Kedokteran,3,84,37,83,87,4,Balanced Wellbeing,Dukungan dosen dan dosen wali,Positif
MHS-01326,Teknik,5,84,42,76,79,4,Balanced Wellbeing,Beban tugas dan ujian,Positif
MHS-01327,MIPA,5,54,99,62,48,1,Academic Pressure,Layanan kampus dan fasilitas,Netral
MHS-01328,Teknik,3,68,58,54,45,2,Career Concern,Kecemasan karier dan magang,Negatif
MHS-01329,Teknik,7,51,83,50,51,1,Academic Pressure,Kecemasan karier dan magang,Negatif
MHS-01330,Ekonomi dan Bisnis,5,60,80,53,57,1,Academic Pressure,Layanan kampus dan fasilitas,Negatif
MHS-01331,MIPA,1,50,57,45,56,3,Social Adaptation,Kecemasan karier dan magang,Negatif
MHS-01332,Ilmu Budaya,3,44,82,58,47,1,Academic Pressure,Kecemasan karier dan magang,Positif
MHS-01333,Ekonomi dan Bisnis,2,35,68,43,50,3,Social Adaptation,Kegiatan dan komunitas,Negatif
MHS-01334,Kedokteran,4,67,53,72,80,4,Balanced Wellbeing,Dukungan dosen dan dosen wali,Negatif
MHS-01335,Kedokteran,3,46,60,67,34,2,Career Concern,Dukungan dosen dan dosen wali,Negatif
MHS-01336,Hukum,5,43,85,51,57,1,Academic Pressure,Kecemasan karier dan magang,Negatif
MHS-01337,Teknik,7,39,57,49,62,3,Social Adaptation,Layanan kampus dan fasilitas,Negatif
MHS-01338,Kedokteran,5,78,44,79,79,4,Balanced Wellbeing,Kesepian dan adaptasi sosial,Negatif
MHS-01339,Teknik,4,44,60,45,59,3,Social Adaptation,Beban tugas dan ujian,Netral
MHS-01340,Ekonomi dan Bisnis,7,49,71,37,62,3,Social Adaptation,Biaya kuliah dan keuangan,Positif
MHS-01341,Hukum,3,62,88,47,44,1,Academic Pressure,Biaya kuliah dan keuangan,Netral
MHS-01342,Teknik,5,49,77,54,49,1,Academic Pressure,Kegiatan dan komunitas,Positif
MHS-01343,Teknik,6,46,65,32,56,3,Social Adaptation,Kegiatan dan komunitas,Negatif
MHS-01344,Ekonomi dan Bisnis,4,64,55,66,51,2,Career Concern,Kegiatan dan komunitas,Netral
MHS-01345,MIPA,1,45,63,60,39,2,Career Concern,Beban tugas dan ujian,Positif
MHS-01346,MIPA,8,36,62,25,53,3,Social Adaptation,Dukungan dosen dan dosen wali,Positif
MHS-01347,MIPA,8,75,32,71,72,4,Balanced Wellbeing,Kecemasan karier dan magang,Positif
MHS-01348,Kedokteran,1,54,70,55,48,2,Career Concern,Biaya kuliah dan keuangan,Negatif
MHS-01349,Ekonomi dan Bisnis,5,76,37,68,66,4,Balanced Wellbeing,Kesepian dan adaptasi sosial,Negatif
MHS-01350,Ilmu Budaya,3,49,60,45,47,2,Career Concern,Kesepian dan adaptasi sosial,Positif
MHS-01351,Hukum,7,56,66,27,72,3,Social Adaptation,Beban tugas dan ujian,Netral
MHS-01352,Ekonomi dan Bisnis,5,72,53,54,44,2,Career Concern,Layanan kampus dan fasilitas,Negatif
MHS-01353,Teknik,8,75,47,81,83,4,Balanced Wellbeing,Kesepian dan adaptasi sosial,Negatif
MHS-01354,Ilmu Budaya,7,48,70,47,35,2,Career Concern,Kegiatan dan komunitas,Netral
MHS-01355,Kedokteran,8,46,44,88,86,4,Balanced Wellbeing,Dukungan dosen dan dosen wali,Positif
MHS-01356,Kedokteran,1,82,50,78,75,4,Balanced Wellbeing,Kecemasan karier dan magang,Negatif
MHS-01357,Teknik,2,81,54,79,91,4,Balanced Wellbeing,Kecemasan karier dan magang,Positif
MHS-01358,Teknik,8,25,86,63,47,1,Academic Pressure,Kegiatan dan komunitas,Positif
MHS-01359,Hukum,6,81,44,64,67,4,Balanced Wellbeing,Dukungan dosen dan dosen wali,Netral
MHS-01360,Ekonomi dan Bisnis,4,65,39,84,60,4,Balanced Wellbeing,Kegiatan dan komunitas,Negatif
MHS-01361,Kedokteran,5,45,60,45,55,2,Career Concern,Beban tugas dan ujian,Positif
MHS-01362,MIPA,6,56,79,57,54,1,Academic Pressure,Kesepian dan adaptasi sosial,Positif
MHS-01363,Kedokteran,1,52,89,57,50,1,Academic Pressure,Kesepian dan adaptasi sosial,Negatif
MHS-01364,Ilmu Budaya,7,72,52,76,82,4,Balanced Wellbeing,Layanan kampus dan fasilitas,Negatif
MHS-01365,Teknik,2,50,75,46,45,1,Academic Pressure,Beban tugas dan ujian,Negatif
MHS-01366,Ekonomi dan Bisnis,1,72,48,65,32,2,Career Concern,Beban tugas dan ujian,Negatif
MHS-01367,Teknik,1,68,29,76,62,4,Balanced Wellbeing,Kecemasan karier dan magang,Positif
MHS-01368,Ekonomi dan Bisnis,7,61,61,40,53,3,Social Adaptation,Kegiatan dan komunitas,Positif
MHS-01369,MIPA,5,35,59,37,60,3,Social Adaptation,Kecemasan karier dan magang,Netral
MHS-01370,Hukum,8,49,60,45,48,3,Social Adaptation,Kegiatan dan komunitas,Negatif
MHS-01371,Kedokteran,6,53,54,50,51,3,Social Adaptation,Kecemasan karier dan magang,Negatif
MHS-01372,Ekonomi dan Bisnis,2,44,79,61,57,1,Academic Pressure,Biaya kuliah dan keuangan,Positif
MHS-01373,MIPA,5,72,47,68,58,4,Balanced Wellbeing,Dukungan dosen dan dosen wali,Negatif
MHS-01374,Kedokteran,7,49,84,70,55,1,Academic Pressure,Kecemasan karier dan magang,Positif
MHS-01375,Hukum,7,81,39,85,61,4,Balanced Wellbeing,Dukungan dosen dan dosen wali,Negatif
MHS-01376,Ilmu Budaya,6,89,46,87,71,4,Balanced Wellbeing,Kecemasan karier dan magang,Negatif
MHS-01377,Teknik,6,57,65,62,46,2,Career Concern,Dukungan dosen dan dosen wali,Negatif
MHS-01378,Hukum,5,50,61,56,56,1,Academic Pressure,Layanan kampus dan fasilitas,Negatif
MHS-01379,Hukum,5,80,58,79,71,4,Balanced Wellbeing,Layanan kampus dan fasilitas,Positif
MHS-01380,Ilmu Budaya,8,30,70,68,57,1,Academic Pressure,Layanan kampus dan fasilitas,Netral
MHS-01381,Hukum,5,46,98,63,40,1,Academic Pressure,Kesepian dan adaptasi sosial,Negatif
MHS-01382,Kedokteran,7,68,48,61,82,4,Balanced Wellbeing,Beban tugas dan ujian,Netral
MHS-01383,Ekonomi dan Bisnis,5,46,72,60,65,3,Social Adaptation,Kegiatan dan komunitas,Negatif
MHS-01384,Teknik,6,45,70,41,69,3,Social Adaptation,Dukungan dosen dan dosen wali,Negatif
MHS-01385,Ekonomi dan Bisnis,7,75,41,78,79,4,Balanced Wellbeing,Kecemasan karier dan magang,Positif
MHS-01386,Ekonomi dan Bisnis,2,70,59,59,41,2,Career Concern,Kegiatan dan komunitas,Positif
MHS-01387,Kedokteran,2,76,39,85,86,4,Balanced Wellbeing,Layanan kampus dan fasilitas,Positif
MHS-01388,Kedokteran,3,44,76,67,59,1,Academic Pressure,Kesepian dan adaptasi sosial,Positif
MHS-01389,Teknik,3,60,74,55,48,1,Academic Pressure,Kecemasan karier dan magang,Negatif
MHS-01390,Ilmu Budaya,7,61,81,50,57,1,Academic Pressure,Beban tugas dan ujian,Positif
MHS-01391,Hukum,4,41,75,44,45,1,Academic Pressure,Kegiatan dan komunitas,Netral
MHS-01392,Ilmu Budaya,4,67,53,80,76,4,Balanced Wellbeing,Beban tugas dan ujian,Netral
MHS-01393,Ilmu Budaya,2,50,71,68,44,2,Career Concern,Kecemasan karier dan magang,Positif
MHS-01394,Kedokteran,2,54,89,67,51,1,Academic Pressure,Layanan kampus dan fasilitas,Positif
MHS-01395,Kedokteran,3,39,80,58,52,1,Academic Pressure,Dukungan dosen dan dosen wali,Negatif
MHS-01396,Kedokteran,5,55,61,58,43,2,Career Concern,Kesepian dan adaptasi sosial,Negatif
MHS-01397,Kedokteran,2,88,32,67,64,4,Balanced Wellbeing,Beban tugas dan ujian,Positif
MHS-01398,Kedokteran,2,38,77,57,53,1,Academic Pressure,Kegiatan dan komunitas,Netral
MHS-01399,Teknik,5,59,55,44,62,3,Social Adaptation,Kesepian dan adaptasi sosial,Negatif
MHS-01400,Teknik,8,63,92,71,52,1,Academic Pressure,Kegiatan dan komunitas,Negatif
MHS-01401,Hukum,2,36,56,42,60,3,Social Adaptation,Dukungan dosen dan dosen wali,Positif
MHS-01402,Ilmu Budaya,1,46,67,52,46,1,Academic Pressure,Dukungan dosen dan dosen wali,Netral
MHS-01403,Hukum,7,79,55,85,76,4,Balanced Wellbeing,Kecemasan karier dan magang,Positif
MHS-01404,Teknik,7,67,51,78,84,4,Balanced Wellbeing,Biaya kuliah dan keuangan,Netral
MHS-01405,Hukum,2,60,65,65,47,2,Career Concern,Dukungan dosen dan dosen wali,Negatif
MHS-01406,Kedokteran,2,50,82,38,64,1,Academic Pressure,Layanan kampus dan fasilitas,Negatif
MHS-01407,Hukum,2,69,49,75,75,4,Balanced Wellbeing,Kegiatan dan komunitas,Negatif
MHS-01408,Ilmu Budaya,6,48,73,40,54,3,Social Adaptation,Kecemasan karier dan magang,Positif
MHS-01409,Ekonomi dan Bisnis,1,66,57,61,52,2,Career Concern,Kegiatan dan komunitas,Positif
MHS-01410,Ilmu Budaya,1,43,68,66,49,2,Career Concern,Kesepian dan adaptasi sosial,Positif
MHS-01411,Ilmu Budaya,7,52,53,59,38,2,Career Concern,Biaya kuliah dan keuangan,Negatif
MHS-01412,MIPA,3,48,91,58,71,1,Academic Pressure,Beban tugas dan ujian,Negatif
MHS-01413,Teknik,2,54,74,51,59,1,Academic Pressure,Kecemasan karier dan magang,Positif
MHS-01414,Ekonomi dan Bisnis,8,90,39,63,65,4,Balanced Wellbeing,Layanan kampus dan fasilitas,Negatif
MHS-01415,Teknik,5,40,58,43,58,3,Social Adaptation,Dukungan dosen dan dosen wali,Positif
MHS-01416,Kedokteran,2,41,53,48,55,3,Social Adaptation,Kesepian dan adaptasi sosial,Negatif
MHS-01417,Ekonomi dan Bisnis,7,43,89,55,59,1,Academic Pressure,Layanan kampus dan fasilitas,Negatif
MHS-01418,Hukum,2,45,83,45,54,1,Academic Pressure,Beban tugas dan ujian,Netral
MHS-01419,MIPA,7,47,76,60,55,1,Academic Pressure,Beban tugas dan ujian,Positif
MHS-01420,Kedokteran,4,91,56,77,71,4,Balanced Wellbeing,Beban tugas dan ujian,Negatif
MHS-01421,Ilmu Budaya,6,73,27,55,75,4,Balanced Wellbeing,Beban tugas dan ujian,Negatif
MHS-01422,Hukum,3,51,63,56,50,2,Career Concern,Beban tugas dan ujian,Positif
MHS-01423,Ekonomi dan Bisnis,4,55,75,38,60,3,Social Adaptation,Kegiatan dan komunitas,Negatif
MHS-01424,Ekonomi dan Bisnis,6,50,66,51,69,3,Social Adaptation,Dukungan dosen dan dosen wali,Positif
MHS-01425,Ekonomi dan Bisnis,6,52,45,66,50,2,Career Concern,Beban tugas dan ujian,Netral
MHS-01426,Ekonomi dan Bisnis,3,48,76,57,55,1,Academic Pressure,Biaya kuliah dan keuangan,Netral
MHS-01427,Kedokteran,8,58,55,48,55,3,Social Adaptation,Kecemasan karier dan magang,Positif
MHS-01428,Kedokteran,5,43,83,59,44,1,Academic Pressure,Layanan kampus dan fasilitas,Negatif
MHS-01429,MIPA,2,41,86,37,47,1,Academic Pressure,Kegiatan dan komunitas,Netral
MHS-01430,MIPA,3,79,44,62,76,4,Balanced Wellbeing,Beban tugas dan ujian,Netral
MHS-01431,Ekonomi dan Bisnis,2,55,76,41,41,1,Academic Pressure,Biaya kuliah dan keuangan,Netral
MHS-01432,Ekonomi dan Bisnis,4,51,59,22,58,3,Social Adaptation,Dukungan dosen dan dosen wali,Netral
MHS-01433,Ekonomi dan Bisnis,5,46,72,54,44,1,Academic Pressure,Kegiatan dan komunitas,Negatif
MHS-01434,Kedokteran,3,47,80,55,50,1,Academic Pressure,Kegiatan dan komunitas,Positif
MHS-01435,Hukum,6,35,63,22,64,3,Social Adaptation,Beban tugas dan ujian,Positif
MHS-01436,MIPA,5,82,45,73,61,4,Balanced Wellbeing,Kegiatan dan komunitas,Negatif
MHS-01437,Teknik,3,43,73,52,61,1,Academic Pressure,Kecemasan karier dan magang,Positif
MHS-01438,MIPA,1,46,83,53,52,1,Academic Pressure,Beban tugas dan ujian,Netral
MHS-01439,Ilmu Budaya,2,60,68,37,62,3,Social Adaptation,Kecemasan karier dan magang,Negatif
MHS-01440,MIPA,7,74,47,78,78,4,Balanced Wellbeing,Dukungan dosen dan dosen wali,Negatif
MHS-01441,MIPA,6,50,89,61,43,1,Academic Pressure,Kegiatan dan komunitas,Positif
MHS-01442,Teknik,2,82,38,81,76,4,Balanced Wellbeing,Kegiatan dan komunitas,Negatif
MHS-01443,Hukum,3,49,61,33,53,3,Social Adaptation,Layanan kampus dan fasilitas,Positif
MHS-01444,Kedokteran,4,40,71,35,57,3,Social Adaptation,Kecemasan karier dan magang,Netral
MHS-01445,Kedokteran,7,48,52,30,48,3,Social Adaptation,Biaya kuliah dan keuangan,Negatif
MHS-01446,Kedokteran,5,67,55,74,73,4,Balanced Wellbeing,Beban tugas dan ujian,Negatif
MHS-01447,Kedokteran,1,72,42,87,71,4,Balanced Wellbeing,Kecemasan karier dan magang,Negatif
MHS-01448,Teknik,2,55,53,79,39,2,Career Concern,Kesepian dan adaptasi sosial,Negatif
MHS-01449,Ekonomi dan Bisnis,2,44,53,44,43,2,Career Concern,Biaya kuliah dan keuangan,Negatif
MHS-01450,Hukum,1,73,58,87,82,4,Balanced Wellbeing,Dukungan dosen dan dosen wali,Netral
MHS-01451,Kedokteran,4,51,77,59,49,1,Academic Pressure,Kegiatan dan komunitas,Netral
MHS-01452,Hukum,8,46,67,56,48,1,Academic Pressure,Layanan kampus dan fasilitas,Negatif
MHS-01453,Ilmu Budaya,4,53,81,65,58,1,Academic Pressure,Kecemasan karier dan magang,Negatif
MHS-01454,MIPA,8,83,35,97,69,4,Balanced Wellbeing,Kegiatan dan komunitas,Positif
MHS-01455,Teknik,1,84,35,78,64,4,Balanced Wellbeing,Kecemasan karier dan magang,Negatif
MHS-01456,MIPA,1,45,69,23,53,3,Social Adaptation,Kecemasan karier dan magang,Netral
MHS-01457,Ilmu Budaya,1,56,45,45,32,2,Career Concern,Layanan kampus dan fasilitas,Netral
MHS-01458,MIPA,5,60,57,50,35,2,Career Concern,Beban tugas dan ujian,Netral
MHS-01459,Ekonomi dan Bisnis,3,63,50,62,35,2,Career Concern,Kecemasan karier dan magang,Netral
MHS-01460,Hukum,5,53,67,77,54,2,Career Concern,Kecemasan karier dan magang,Netral
MHS-01461,Ilmu Budaya,7,66,35,75,81,4,Balanced Wellbeing,Kesepian dan adaptasi sosial,Positif
MHS-01462,Ekonomi dan Bisnis,1,47,73,65,36,1,Academic Pressure,Layanan kampus dan fasilitas,Positif
MHS-01463,Teknik,6,55,49,28,65,3,Social Adaptation,Dukungan dosen dan dosen wali,Negatif
MHS-01464,Ilmu Budaya,2,46,84,45,56,1,Academic Pressure,Kesepian dan adaptasi sosial,Netral
MHS-01465,Hukum,1,53,66,31,57,3,Social Adaptation,Beban tugas dan ujian,Negatif
MHS-01466,Hukum,3,45,63,35,66,3,Social Adaptation,Kesepian dan adaptasi sosial,Negatif
MHS-01467,MIPA,1,87,49,68,77,4,Balanced Wellbeing,Layanan kampus dan fasilitas,Negatif
MHS-01468,Kedokteran,3,74,50,100,76,4,Balanced Wellbeing,Kesepian dan adaptasi sosial,Positif
MHS-01469,Kedokteran,8,51,51,28,67,3,Social Adaptation,Beban tugas dan ujian,Positif
MHS-01470,Teknik,5,43,73,62,51,2,Career Concern,Beban tugas dan ujian,Positif
MHS-01471,Ekonomi dan Bisnis,5,88,30,82,71,4,Balanced Wellbeing,Kegiatan dan komunitas,Negatif
MHS-01472,Ilmu Budaya,3,57,58,30,34,3,Social Adaptation,Kesepian dan adaptasi sosial,Netral
MHS-01473,Hukum,4,72,42,82,84,4,Balanced Wellbeing,Layanan kampus dan fasilitas,Netral
MHS-01474,MIPA,1,65,32,68,72,4,Balanced Wellbeing,Kegiatan dan komunitas,Positif
MHS-01475,MIPA,7,48,66,79,42,2,Career Concern,Biaya kuliah dan keuangan,Negatif
MHS-01476,Teknik,7,58,50,69,53,2,Career Concern,Layanan kampus dan fasilitas,Negatif
MHS-01477,Hukum,3,85,46,69,79,4,Balanced Wellbeing,Kegiatan dan komunitas,Negatif
MHS-01478,MIPA,3,76,39,82,79,4,Balanced Wellbeing,Kecemasan karier dan magang,Netral
MHS-01479,Ekonomi dan Bisnis,1,70,50,64,39,2,Career Concern,Beban tugas dan ujian,Netral
MHS-01480,Ilmu Budaya,4,53,64,96,88,4,Balanced Wellbeing,Beban tugas dan ujian,Negatif
MHS-01481,Teknik,5,76,44,87,71,4,Balanced Wellbeing,Beban tugas dan ujian,Negatif
MHS-01482,MIPA,8,44,64,68,36,2,Career Concern,Dukungan dosen dan dosen wali,Negatif
MHS-01483,Kedokteran,7,47,83,46,52,1,Academic Pressure,Kecemasan karier dan magang,Negatif
MHS-01484,Teknik,2,76,37,82,77,4,Balanced Wellbeing,Dukungan dosen dan dosen wali,Positif
MHS-01485,Teknik,5,96,35,62,66,4,Balanced Wellbeing,Beban tugas dan ujian,Negatif
MHS-01486,Kedokteran,6,49,87,57,70,1,Academic Pressure,Dukungan dosen dan dosen wali,Positif
MHS-01487,Ekonomi dan Bisnis,2,40,63,56,45,2,Career Concern,Beban tugas dan ujian,Netral
MHS-01488,Ilmu Budaya,6,76,55,77,70,4,Balanced Wellbeing,Kesepian dan adaptasi sosial,Negatif
MHS-01489,MIPA,6,48,68,57,64,3,Social Adaptation,Beban tugas dan ujian,Negatif
MHS-01490,Ekonomi dan Bisnis,5,81,49,85,73,4,Balanced Wellbeing,Kegiatan dan komunitas,Negatif
MHS-01491,Ekonomi dan Bisnis,2,34,85,52,47,1,Academic Pressure,Beban tugas dan ujian,Positif
MHS-01492,MIPA,7,63,38,84,77,4,Balanced Wellbeing,Kecemasan karier dan magang,Netral
MHS-01493,Ekonomi dan Bisnis,4,72,38,80,57,4,Balanced Wellbeing,Beban tugas dan ujian,Positif
MHS-01494,Teknik,8,63,61,62,23,2,Career Concern,Kegiatan dan komunitas,Netral
MHS-01495,Ilmu Budaya,4,61,58,59,44,2,Career Concern,Kesepian dan adaptasi sosial,Netral
MHS-01496,Ekonomi dan Bisnis,3,48,74,62,61,1,Academic Pressure,Kecemasan karier dan magang,Netral
MHS-01497,Ilmu Budaya,2,70,35,87,74,4,Balanced Wellbeing,Dukungan dosen dan dosen wali,Negatif
MHS-01498,MIPA,7,50,57,42,57,3,Social Adaptation,Kesepian dan adaptasi sosial,Positif
MHS-01499,MIPA,1,47,56,30,51,3,Social Adaptation,Kecemasan karier dan magang,Negatif
MHS-01500,Ilmu Budaya,5,87,42,81,89,4,Balanced Wellbeing,Layanan kampus dan fasilitas,Positif
MHS-01501,Teknik,5,56,52,35,57,3,Social Adaptation,Biaya kuliah dan keuangan,Negatif
MHS-01502,Ekonomi dan Bisnis,4,86,39,72,76,4,Balanced Wellbeing,Layanan kampus dan fasilitas,Negatif
MHS-01503,Teknik,2,74,44,75,69,4,Balanced Wellbeing,Dukungan dosen dan dosen wali,Netral
MHS-01504,MIPA,8,46,65,25,45,3,Social Adaptation,Dukungan dosen dan dosen wali,Positif
MHS-01505,Kedokteran,1,58,86,49,60,3,Social Adaptation,Kesepian dan adaptasi sosial,Netral
MHS-01506,Ilmu Budaya,7,52,44,53,30,2,Career Concern,Dukungan dosen dan dosen wali,Netral
MHS-01507,Kedokteran,6,52,86,41,48,1,Academic Pressure,Biaya kuliah dan keuangan,Negatif
MHS-01508,Hukum,4,52,69,40,51,3,Social Adaptation,Dukungan dosen dan dosen wali,Positif
MHS-01509,MIPA,2,79,31,83,92,4,Balanced Wellbeing,Biaya kuliah dan keuangan,Negatif
MHS-01510,Ekonomi dan Bisnis,6,81,58,76,55,4,Balanced Wellbeing,Kesepian dan adaptasi sosial,Negatif
MHS-01511,Kedokteran,2,53,57,24,55,3,Social Adaptation,Kecemasan karier dan magang,Positif
MHS-01512,Ilmu Budaya,6,74,47,74,66,4,Balanced Wellbeing,Beban tugas dan ujian,Netral
MHS-01513,Hukum,2,57,60,58,54,2,Career Concern,Kegiatan dan komunitas,Negatif
MHS-01514,Teknik,2,35,80,49,48,1,Academic Pressure,Kegiatan dan komunitas,Negatif
MHS-01515,Ekonomi dan Bisnis,6,69,69,63,49,2,Career Concern,Layanan kampus dan fasilitas,Positif
MHS-01516,Teknik,1,70,45,66,80,4,Balanced Wellbeing,Layanan kampus dan fasilitas,Negatif
MHS-01517,Kedokteran,3,65,74,38,55,3,Social Adaptation,Kesepian dan adaptasi sosial,Negatif
MHS-01518,Ilmu Budaya,1,65,44,68,64,4,Balanced Wellbeing,Biaya kuliah dan keuangan,Negatif
MHS-01519,MIPA,7,50,53,52,46,3,Social Adaptation,Kesepian dan adaptasi sosial,Negatif
MHS-01520,Ekonomi dan Bisnis,3,60,51,55,46,2,Career Concern,Kesepian dan adaptasi sosial,Netral
MHS-01521,Kedokteran,6,73,57,79,65,4,Balanced Wellbeing,Kegiatan dan komunitas,Netral
MHS-01522,Ilmu Budaya,6,64,77,69,49,1,Academic Pressure,Beban tugas dan ujian,Negatif
MHS-01523,Ekonomi dan Bisnis,2,50,74,56,63,1,Academic Pressure,Kecemasan karier dan magang,Negatif
MHS-01524,Kedokteran,8,80,30,80,74,4,Balanced Wellbeing,Beban tugas dan ujian,Netral
MHS-01525,MIPA,7,73,40,77,83,4,Balanced Wellbeing,Kesepian dan adaptasi sosial,Netral
MHS-01526,Hukum,8,72,40,63,52,2,Career Concern,Dukungan dosen dan dosen wali,Positif
MHS-01527,Kedokteran,5,41,89,54,47,1,Academic Pressure,Kecemasan karier dan magang,Positif
MHS-01528,Teknik,3,72,31,83,76,4,Balanced Wellbeing,Kecemasan karier dan magang,Netral
MHS-01529,MIPA,4,48,60,36,41,3,Social Adaptation,Kesepian dan adaptasi sosial,Negatif
MHS-01530,Teknik,8,62,60,52,45,2,Career Concern,Kecemasan karier dan magang,Positif
MHS-01531,Ilmu Budaya,3,57,52,55,37,2,Career Concern,Kegiatan dan komunitas,Netral
MHS-01532,Hukum,4,54,67,54,44,1,Academic Pressure,Dukungan dosen dan dosen wali,Negatif
MHS-01533,Ekonomi dan Bisnis,4,87,43,83,81,4,Balanced Wellbeing,Kesepian dan adaptasi sosial,Positif
MHS-01534,Ekonomi dan Bisnis,3,69,57,44,54,3,Social Adaptation,Layanan kampus dan fasilitas,Positif
MHS-01535,MIPA,2,59,63,55,47,2,Career Concern,Dukungan dosen dan dosen wali,Negatif
MHS-01536,MIPA,4,72,52,93,70,4,Balanced Wellbeing,Biaya kuliah dan keuangan,Netral
MHS-01537,Ilmu Budaya,5,49,49,66,40,2,Career Concern,Kecemasan karier dan magang,Positif
MHS-01538,Ekonomi dan Bisnis,8,53,69,45,43,1,Academic Pressure,Layanan kampus dan fasilitas,Positif
MHS-01539,MIPA,8,49,84,60,54,1,Academic Pressure,Kegiatan dan komunitas,Netral
MHS-01540,MIPA,4,63,55,53,39,2,Career Concern,Kecemasan karier dan magang,Negatif
MHS-01541,MIPA,4,50,74,59,36,1,Academic Pressure,Kecemasan karier dan magang,Negatif
MHS-01542,MIPA,8,62,48,52,46,2,Career Concern,Biaya kuliah dan keuangan,Netral
MHS-01543,Teknik,1,72,39,80,83,4,Balanced Wellbeing,Kecemasan karier dan magang,Negatif
MHS-01544,Ilmu Budaya,2,67,65,63,37,2,Career Concern,Biaya kuliah dan keuangan,Positif
MHS-01545,MIPA,3,88,36,84,74,4,Balanced Wellbeing,Kegiatan dan komunitas,Positif
MHS-01546,MIPA,4,54,64,35,73,3,Social Adaptation,Beban tugas dan ujian,Netral
MHS-01547,Teknik,3,52,61,59,42,2,Career Concern,Kesepian dan adaptasi sosial,Negatif
MHS-01548,Ilmu Budaya,3,56,90,52,43,1,Academic Pressure,Beban tugas dan ujian,Negatif
MHS-01549,MIPA,1,45,84,57,50,1,Academic Pressure,Kesepian dan adaptasi sosial,Negatif
MHS-01550,Ekonomi dan Bisnis,1,44,64,49,52,3,Social Adaptation,Biaya kuliah dan keuangan,Netral
MHS-01551,MIPA,2,45,54,48,47,3,Social Adaptation,Kecemasan karier dan magang,Positif
MHS-01552,Kedokteran,1,61,48,58,40,2,Career Concern,Layanan kampus dan fasilitas,Netral
MHS-01553,Kedokteran,6,68,71,51,37,2,Career Concern,Dukungan dosen dan dosen wali,Negatif
MHS-01554,Kedokteran,3,94,46,77,63,4,Balanced Wellbeing,Kegiatan dan komunitas,Netral
MHS-01555,Kedokteran,6,51,81,53,60,1,Academic Pressure,Layanan kampus dan fasilitas,Negatif
MHS-01556,Teknik,3,66,85,65,43,1,Academic Pressure,Kesepian dan adaptasi sosial,Positif
MHS-01557,Teknik,8,49,91,65,56,1,Academic Pressure,Dukungan dosen dan dosen wali,Positif
MHS-01558,Teknik,6,46,64,44,50,3,Social Adaptation,Biaya kuliah dan keuangan,Negatif
MHS-01559,Ekonomi dan Bisnis,1,46,57,36,51,3,Social Adaptation,Beban tugas dan ujian,Negatif
MHS-01560,Kedokteran,2,63,40,71,76,4,Balanced Wellbeing,Biaya kuliah dan keuangan,Negatif
MHS-01561,Teknik,3,53,62,62,53,2,Career Concern,Kegiatan dan komunitas,Positif
MHS-01562,Ekonomi dan Bisnis,1,51,83,55,47,1,Academic Pressure,Kegiatan dan komunitas,Positif
MHS-01563,MIPA,1,37,90,59,54,1,Academic Pressure,Layanan kampus dan fasilitas,Negatif
MHS-01564,Kedokteran,1,66,66,64,41,2,Career Concern,Kesepian dan adaptasi sosial,Negatif
MHS-01565,Kedokteran,6,59,86,44,70,1,Academic Pressure,Layanan kampus dan fasilitas,Positif
MHS-01566,Kedokteran,6,61,63,70,44,2,Career Concern,Kesepian dan adaptasi sosial,Negatif
MHS-01567,Ekonomi dan Bisnis,7,48,82,58,63,1,Academic Pressure,Kecemasan karier dan magang,Positif
MHS-01568,MIPA,2,40,85,56,49,1,Academic Pressure,Layanan kampus dan fasilitas,Negatif
MHS-01569,Kedokteran,1,53,84,51,53,1,Academic Pressure,Kegiatan dan komunitas,Negatif
MHS-01570,Kedokteran,4,40,63,74,47,2,Career Concern,Layanan kampus dan fasilitas,Positif
MHS-01571,Kedokteran,4,46,50,34,48,3,Social Adaptation,Dukungan dosen dan dosen wali,Positif
MHS-01572,MIPA,8,40,75,57,45,1,Academic Pressure,Kesepian dan adaptasi sosial,Positif
MHS-01573,Ilmu Budaya,7,56,85,51,53,1,Academic Pressure,Layanan kampus dan fasilitas,Netral
MHS-01574,Ilmu Budaya,5,62,63,61,46,2,Career Concern,Kecemasan karier dan magang,Negatif
MHS-01575,MIPA,2,46,61,49,42,1,Academic Pressure,Layanan kampus dan fasilitas,Negatif
MHS-01576,Teknik,4,80,53,91,73,4,Balanced Wellbeing,Kesepian dan adaptasi sosial,Negatif
MHS-01577,Hukum,1,82,51,86,64,4,Balanced Wellbeing,Dukungan dosen dan dosen wali,Positif
MHS-01578,Hukum,8,93,38,81,68,4,Balanced Wellbeing,Kecemasan karier dan magang,Positif
MHS-01579,Hukum,1,52,73,49,48,1,Academic Pressure,Kegiatan dan komunitas,Positif
MHS-01580,Kedokteran,4,57,69,64,47,2,Career Concern,Layanan kampus dan fasilitas,Positif
MHS-01581,Ilmu Budaya,8,73,45,89,75,4,Balanced Wellbeing,Biaya kuliah dan keuangan,Negatif
MHS-01582,Hukum,2,73,48,77,72,4,Balanced Wellbeing,Kecemasan karier dan magang,Netral
MHS-01583,Ilmu Budaya,7,64,70,53,40,2,Career Concern,Layanan kampus dan fasilitas,Positif
MHS-01584,Kedokteran,2,52,62,30,68,3,Social Adaptation,Kegiatan dan komunitas,Netral
MHS-01585,Hukum,4,52,58,50,44,2,Career Concern,Biaya kuliah dan keuangan,Positif
MHS-01586,Kedokteran,1,62,46,58,36,2,Career Concern,Layanan kampus dan fasilitas,Positif
MHS-01587,Teknik,5,45,66,36,68,3,Social Adaptation,Kesepian dan adaptasi sosial,Netral
MHS-01588,MIPA,4,43,88,64,67,1,Academic Pressure,Kegiatan dan komunitas,Netral
MHS-01589,Ilmu Budaya,4,67,77,56,45,1,Academic Pressure,Layanan kampus dan fasilitas,Negatif
MHS-01590,Teknik,7,71,79,51,42,2,Career Concern,Beban tugas dan ujian,Netral
MHS-01591,Kedokteran,3,53,72,55,39,1,Academic Pressure,Kegiatan dan komunitas,Positif
MHS-01592,Teknik,5,44,65,42,70,1,Academic Pressure,Biaya kuliah dan keuangan,Netral
MHS-01593,Kedokteran,8,80,46,85,70,4,Balanced Wellbeing,Kecemasan karier dan magang,Negatif
MHS-01594,Ilmu Budaya,7,58,53,35,71,3,Social Adaptation,Kegiatan dan komunitas,Negatif
MHS-01595,MIPA,1,75,32,84,78,4,Balanced Wellbeing,Layanan kampus dan fasilitas,Netral
MHS-01596,Ilmu Budaya,2,60,56,60,52,2,Career Concern,Kegiatan dan komunitas,Negatif
MHS-01597,MIPA,4,53,64,51,49,2,Career Concern,Dukungan dosen dan dosen wali,Positif
MHS-01598,Teknik,6,65,56,55,59,2,Career Concern,Biaya kuliah dan keuangan,Netral
MHS-01599,Hukum,8,51,85,50,49,1,Academic Pressure,Biaya kuliah dan keuangan,Negatif
MHS-01600,Ekonomi dan Bisnis,7,54,87,43,58,1,Academic Pressure,Kecemasan karier dan magang,Negatif
MHS-01601,Ilmu Budaya,8,58,68,32,67,3,Social Adaptation,Beban tugas dan ujian,Negatif
MHS-01602,Kedokteran,7,64,67,57,41,2,Career Concern,Kesepian dan adaptasi sosial,Netral
MHS-01603,Ilmu Budaya,5,69,40,73,77,4,Balanced Wellbeing,Kecemasan karier dan magang,Negatif
MHS-01604,MIPA,8,49,70,52,58,2,Career Concern,Kegiatan dan komunitas,Positif
MHS-01605,Kedokteran,5,37,81,49,54,1,Academic Pressure,Kegiatan dan komunitas,Negatif
MHS-01606,Hukum,6,50,54,37,61,3,Social Adaptation,Layanan kampus dan fasilitas,Netral
MHS-01607,Kedokteran,3,73,41,81,78,4,Balanced Wellbeing,Kegiatan dan komunitas,Positif
MHS-01608,Ilmu Budaya,1,68,47,80,63,4,Balanced Wellbeing,Beban tugas dan ujian,Negatif
MHS-01609,MIPA,7,61,73,57,46,1,Academic Pressure,Beban tugas dan ujian,Negatif
MHS-01610,MIPA,3,28,69,45,53,1,Academic Pressure,Kecemasan karier dan magang,Positif
MHS-01611,Ilmu Budaya,3,62,50,94,75,4,Balanced Wellbeing,Dukungan dosen dan dosen wali,Negatif
MHS-01612,MIPA,5,87,51,82,72,4,Balanced Wellbeing,Kecemasan karier dan magang,Positif
MHS-01613,Ilmu Budaya,6,53,47,68,36,2,Career Concern,Kegiatan dan komunitas,Netral
MHS-01614,MIPA,6,48,65,25,53,3,Social Adaptation,Biaya kuliah dan keuangan,Negatif
MHS-01615,Hukum,8,44,74,52,59,1,Academic Pressure,Biaya kuliah dan keuangan,Positif
MHS-01616,Kedokteran,8,51,86,76,42,1,Academic Pressure,Dukungan dosen dan dosen wali,Positif
MHS-01617,Hukum,3,64,55,65,55,2,Career Concern,Kesepian dan adaptasi sosial,Negatif
MHS-01618,Teknik,1,44,48,43,53,3,Social Adaptation,Kegiatan dan komunitas,Positif
MHS-01619,MIPA,4,54,83,53,50,1,Academic Pressure,Biaya kuliah dan keuangan,Netral
MHS-01620,Hukum,2,51,77,38,57,3,Social Adaptation,Layanan kampus dan fasilitas,Negatif
MHS-01621,Kedokteran,5,55,59,40,54,2,Career Concern,Biaya kuliah dan keuangan,Positif
MHS-01622,Teknik,8,60,55,54,42,2,Career Concern,Layanan kampus dan fasilitas,Netral
MHS-01623,Kedokteran,4,40,72,65,45,1,Academic Pressure,Dukungan dosen dan dosen wali,Netral
MHS-01624,MIPA,7,49,46,60,29,2,Career Concern,Layanan kampus dan fasilitas,Netral
MHS-01625,Hukum,3,70,42,89,73,4,Balanced Wellbeing,Kegiatan dan komunitas,Negatif
MHS-01626,MIPA,7,46,83,65,58,1,Academic Pressure,Dukungan dosen dan dosen wali,Negatif
MHS-01627,MIPA,2,69,37,83,79,4,Balanced Wellbeing,Kecemasan karier dan magang,Positif
MHS-01628,Ekonomi dan Bisnis,1,46,69,71,40,2,Career Concern,Dukungan dosen dan dosen wali,Netral
MHS-01629,Teknik,2,48,80,57,68,1,Academic Pressure,Dukungan dosen dan dosen wali,Netral
MHS-01630,Hukum,8,63,84,41,42,1,Academic Pressure,Dukungan dosen dan dosen wali,Negatif
MHS-01631,Ekonomi dan Bisnis,5,48,70,57,61,2,Career Concern,Biaya kuliah dan keuangan,Netral
MHS-01632,MIPA,3,58,64,26,64,3,Social Adaptation,Kecemasan karier dan magang,Negatif
MHS-01633,Teknik,8,56,56,75,44,2,Career Concern,Kegiatan dan komunitas,Positif
MHS-01634,Teknik,6,74,53,79,66,4,Balanced Wellbeing,Beban tugas dan ujian,Positif
MHS-01635,Ilmu Budaya,6,71,50,95,81,4,Balanced Wellbeing,Biaya kuliah dan keuangan,Positif
MHS-01636,Kedokteran,2,98,37,88,74,4,Balanced Wellbeing,Kesepian dan adaptasi sosial,Netral
MHS-01637,Ekonomi dan Bisnis,7,66,47,93,75,4,Balanced Wellbeing,Kesepian dan adaptasi sosial,Netral
MHS-01638,Teknik,4,39,57,43,67,3,Social Adaptation,Layanan kampus dan fasilitas,Negatif
MHS-01639,MIPA,2,24,66,33,50,3,Social Adaptation,Biaya kuliah dan keuangan,Negatif
MHS-01640,MIPA,4,63,51,63,42,2,Career Concern,Kecemasan karier dan magang,Negatif
MHS-01641,MIPA,3,84,45,89,71,4,Balanced Wellbeing,Kesepian dan adaptasi sosial,Negatif
MHS-01642,Teknik,8,64,76,52,55,1,Academic Pressure,Biaya kuliah dan keuangan,Negatif
MHS-01643,Kedokteran,7,45,63,59,40,2,Career Concern,Layanan kampus dan fasilitas,Negatif
MHS-01644,Ilmu Budaya,3,73,42,90,80,4,Balanced Wellbeing,Kesepian dan adaptasi sosial,Negatif
MHS-01645,Kedokteran,6,54,59,73,48,2,Career Concern,Biaya kuliah dan keuangan,Positif
MHS-01646,MIPA,3,39,72,46,60,3,Social Adaptation,Beban tugas dan ujian,Positif
MHS-01647,Teknik,7,64,48,74,45,2,Career Concern,Kecemasan karier dan magang,Positif
MHS-01648,Ilmu Budaya,3,70,47,90,85,4,Balanced Wellbeing,Layanan kampus dan fasilitas,Negatif
MHS-01649,MIPA,3,76,45,88,79,4,Balanced Wellbeing,Kecemasan karier dan magang,Netral
MHS-01650,Kedokteran,1,41,85,71,44,1,Academic Pressure,Kesepian dan adaptasi sosial,Negatif
MHS-01651,Teknik,3,50,59,43,63,3,Social Adaptation,Kegiatan dan komunitas,Negatif
MHS-01652,Kedokteran,4,46,69,37,55,3,Social Adaptation,Kegiatan dan komunitas,Positif
MHS-01653,Hukum,1,56,84,58,42,1,Academic Pressure,Beban tugas dan ujian,Positif
MHS-01654,Kedokteran,5,84,50,82,63,4,Balanced Wellbeing,Kecemasan karier dan magang,Positif
MHS-01655,Ekonomi dan Bisnis,5,49,54,67,37,2,Career Concern,Biaya kuliah dan keuangan,Positif
MHS-01656,Ilmu Budaya,4,89,42,75,73,4,Balanced Wellbeing,Kegiatan dan komunitas,Negatif
MHS-01657,MIPA,7,76,43,77,78,4,Balanced Wellbeing,Kecemasan karier dan magang,Netral
MHS-01658,Ekonomi dan Bisnis,6,58,72,51,56,1,Academic Pressure,Kegiatan dan komunitas,Positif
MHS-01659,MIPA,4,84,44,79,65,4,Balanced Wellbeing,Dukungan dosen dan dosen wali,Positif
MHS-01660,Hukum,5,37,53,59,49,2,Career Concern,Kesepian dan adaptasi sosial,Positif
MHS-01661,Ilmu Budaya,6,55,65,52,44,1,Academic Pressure,Biaya kuliah dan keuangan,Negatif
MHS-01662,Kedokteran,2,49,60,56,61,3,Social Adaptation,Beban tugas dan ujian,Negatif
MHS-01663,Teknik,8,36,52,40,59,3,Social Adaptation,Kegiatan dan komunitas,Netral
MHS-01664,Ilmu Budaya,1,59,73,35,49,3,Social Adaptation,Dukungan dosen dan dosen wali,Netral
MHS-01665,Hukum,2,71,50,87,57,4,Balanced Wellbeing,Dukungan dosen dan dosen wali,Negatif
MHS-01666,Teknik,1,41,84,57,42,1,Academic Pressure,Kecemasan karier dan magang,Positif
MHS-01667,Kedokteran,5,44,88,67,37,1,Academic Pressure,Kesepian dan adaptasi sosial,Netral
MHS-01668,Ekonomi dan Bisnis,8,66,57,63,31,2,Career Concern,Layanan kampus dan fasilitas,Netral
MHS-01669,Teknik,1,48,63,39,71,3,Social Adaptation,Beban tugas dan ujian,Positif
MHS-01670,Teknik,1,43,94,59,68,1,Academic Pressure,Biaya kuliah dan keuangan,Negatif
MHS-01671,MIPA,5,45,59,62,41,2,Career Concern,Dukungan dosen dan dosen wali,Netral
MHS-01672,Kedokteran,4,58,54,42,66,3,Social Adaptation,Biaya kuliah dan keuangan,Netral
MHS-01673,Teknik,1,66,61,43,45,2,Career Concern,Kesepian dan adaptasi sosial,Netral
MHS-01674,Hukum,4,57,65,32,60,3,Social Adaptation,Kesepian dan adaptasi sosial,Netral
MHS-01675,Hukum,6,77,51,83,68,4,Balanced Wellbeing,Kegiatan dan komunitas,Negatif
MHS-01676,Hukum,6,60,56,59,48,2,Career Concern,Kegiatan dan komunitas,Negatif
MHS-01677,Kedokteran,3,63,65,60,52,2,Career Concern,Layanan kampus dan fasilitas,Negatif
MHS-01678,Teknik,1,84,57,74,88,4,Balanced Wellbeing,Dukungan dosen dan dosen wali,Positif
MHS-01679,MIPA,7,77,43,80,85,4,Balanced Wellbeing,Layanan kampus dan fasilitas,Negatif
MHS-01680,Teknik,5,41,87,58,41,1,Academic Pressure,Dukungan dosen dan dosen wali,Negatif
MHS-01681,Kedokteran,3,65,52,64,34,2,Career Concern,Beban tugas dan ujian,Negatif
MHS-01682,Ekonomi dan Bisnis,1,53,63,66,37,2,Career Concern,Dukungan dosen dan dosen wali,Negatif
MHS-01683,Teknik,8,39,84,65,53,1,Academic Pressure,Beban tugas dan ujian,Negatif
MHS-01684,Teknik,3,71,44,61,82,4,Balanced Wellbeing,Beban tugas dan ujian,Negatif
MHS-01685,Ilmu Budaya,2,60,55,33,48,3,Social Adaptation,Kegiatan dan komunitas,Negatif
MHS-01686,Ilmu Budaya,8,45,55,69,36,2,Career Concern,Kecemasan karier dan magang,Netral
MHS-01687,MIPA,4,71,89,51,56,1,Academic Pressure,Beban tugas dan ujian,Netral
MHS-01688,Kedokteran,1,43,51,64,37,2,Career Concern,Dukungan dosen dan dosen wali,Negatif
MHS-01689,MIPA,3,77,48,69,70,4,Balanced Wellbeing,Dukungan dosen dan dosen wali,Positif
MHS-01690,Hukum,4,79,47,75,97,4,Balanced Wellbeing,Dukungan dosen dan dosen wali,Negatif
MHS-01691,Ekonomi dan Bisnis,1,30,91,48,60,1,Academic Pressure,Dukungan dosen dan dosen wali,Negatif
MHS-01692,Ekonomi dan Bisnis,3,48,84,66,47,1,Academic Pressure,Kecemasan karier dan magang,Netral
MHS-01693,Ekonomi dan Bisnis,2,52,77,54,49,1,Academic Pressure,Kesepian dan adaptasi sosial,Negatif
MHS-01694,Ekonomi dan Bisnis,8,41,68,47,63,1,Academic Pressure,Kesepian dan adaptasi sosial,Negatif
MHS-01695,MIPA,2,52,75,33,47,3,Social Adaptation,Kesepian dan adaptasi sosial,Netral
MHS-01696,MIPA,4,43,97,73,56,1,Academic Pressure,Beban tugas dan ujian,Positif
MHS-01697,Ekonomi dan Bisnis,2,69,44,74,68,4,Balanced Wellbeing,Kegiatan dan komunitas,Positif
MHS-01698,Ilmu Budaya,7,55,84,70,38,1,Academic Pressure,Kesepian dan adaptasi sosial,Positif
MHS-01699,Kedokteran,6,44,84,41,45,1,Academic Pressure,Beban tugas dan ujian,Negatif
MHS-01700,Hukum,5,43,74,34,61,1,Academic Pressure,Layanan kampus dan fasilitas,Positif
MHS-01701,Ekonomi dan Bisnis,7,54,70,64,48,2,Career Concern,Kecemasan karier dan magang,Negatif
MHS-01702,Hukum,6,75,60,70,58,4,Balanced Wellbeing,Dukungan dosen dan dosen wali,Netral
MHS-01703,Hukum,8,38,81,56,50,1,Academic Pressure,Layanan kampus dan fasilitas,Positif
MHS-01704,Teknik,7,79,50,74,87,4,Balanced Wellbeing,Biaya kuliah dan keuangan,Negatif
MHS-01705,Ekonomi dan Bisnis,6,72,25,78,82,4,Balanced Wellbeing,Dukungan dosen dan dosen wali,Negatif
MHS-01706,Teknik,6,52,96,57,46,1,Academic Pressure,Kegiatan dan komunitas,Netral
MHS-01707,Hukum,5,74,61,81,66,4,Balanced Wellbeing,Kesepian dan adaptasi sosial,Negatif
MHS-01708,Hukum,6,77,39,82,56,4,Balanced Wellbeing,Kecemasan karier dan magang,Negatif
MHS-01709,MIPA,7,62,53,71,39,2,Career Concern,Kegiatan dan komunitas,Negatif
MHS-01710,MIPA,6,43,88,37,48,1,Academic Pressure,Kegiatan dan komunitas,Positif
MHS-01711,Kedokteran,7,40,93,49,47,1,Academic Pressure,Kesepian dan adaptasi sosial,Negatif
MHS-01712,Hukum,2,92,47,79,79,4,Balanced Wellbeing,Biaya kuliah dan keuangan,Negatif
MHS-01713,Ekonomi dan Bisnis,7,44,76,49,50,1,Academic Pressure,Kegiatan dan komunitas,Negatif
MHS-01714,Ilmu Budaya,4,51,73,45,58,1,Academic Pressure,Beban tugas dan ujian,Positif
MHS-01715,Ekonomi dan Bisnis,3,48,58,51,52,3,Social Adaptation,Beban tugas dan ujian,Negatif
MHS-01716,Hukum,5,69,43,83,88,4,Balanced Wellbeing,Dukungan dosen dan dosen wali,Positif
MHS-01717,Teknik,2,75,61,72,64,4,Balanced Wellbeing,Kesepian dan adaptasi sosial,Negatif
MHS-01718,Hukum,3,70,35,73,77,4,Balanced Wellbeing,Kecemasan karier dan magang,Positif
MHS-01719,Kedokteran,1,54,52,62,44,2,Career Concern,Dukungan dosen dan dosen wali,Positif
MHS-01720,Kedokteran,6,62,67,60,43,2,Career Concern,Dukungan dosen dan dosen wali,Netral
MHS-01721,Ekonomi dan Bisnis,6,63,47,79,71,4,Balanced Wellbeing,Kesepian dan adaptasi sosial,Netral
MHS-01722,Ekonomi dan Bisnis,7,41,100,53,48,1,Academic Pressure,Layanan kampus dan fasilitas,Positif
MHS-01723,Hukum,3,51,82,49,57,1,Academic Pressure,Layanan kampus dan fasilitas,Positif
MHS-01724,Kedokteran,3,55,73,46,46,3,Social Adaptation,Dukungan dosen dan dosen wali,Negatif
MHS-01725,Hukum,8,68,29,82,77,4,Balanced Wellbeing,Kecemasan karier dan magang,Netral
MHS-01726,Ekonomi dan Bisnis,6,57,62,25,60,3,Social Adaptation,Kecemasan karier dan magang,Negatif
MHS-01727,Ilmu Budaya,1,65,61,70,38,2,Career Concern,Layanan kampus dan fasilitas,Negatif
MHS-01728,Teknik,1,43,81,59,45,1,Academic Pressure,Kesepian dan adaptasi sosial,Negatif
MHS-01729,MIPA,3,80,36,87,67,4,Balanced Wellbeing,Dukungan dosen dan dosen wali,Negatif
MHS-01730,Ilmu Budaya,8,64,51,78,89,4,Balanced Wellbeing,Kecemasan karier dan magang,Negatif
MHS-01731,Ekonomi dan Bisnis,1,53,80,53,47,1,Academic Pressure,Dukungan dosen dan dosen wali,Negatif
MHS-01732,Hukum,3,36,77,54,47,1,Academic Pressure,Kecemasan karier dan magang,Positif
MHS-01733,Teknik,7,67,65,50,58,1,Academic Pressure,Kecemasan karier dan magang,Positif
MHS-01734,Ilmu Budaya,8,76,61,82,75,4,Balanced Wellbeing,Biaya kuliah dan keuangan,Negatif
MHS-01735,Kedokteran,3,70,44,63,32,2,Career Concern,Beban tugas dan ujian,Positif
MHS-01736,MIPA,8,42,73,53,59,1,Academic Pressure,Dukungan dosen dan dosen wali,Negatif
MHS-01737,Hukum,2,82,47,66,68,4,Balanced Wellbeing,Biaya kuliah dan keuangan,Negatif
MHS-01738,MIPA,2,49,70,51,57,1,Academic Pressure,Layanan kampus dan fasilitas,Positif
MHS-01739,Teknik,3,50,57,65,52,2,Career Concern,Beban tugas dan ujian,Negatif
MHS-01740,Teknik,3,39,73,65,59,1,Academic Pressure,Biaya kuliah dan keuangan,Negatif
MHS-01741,Ilmu Budaya,7,85,39,69,76,4,Balanced Wellbeing,Beban tugas dan ujian,Netral
MHS-01742,Ekonomi dan Bisnis,3,38,82,64,57,1,Academic Pressure,Kesepian dan adaptasi sosial,Netral
MHS-01743,MIPA,7,69,26,71,72,4,Balanced Wellbeing,Biaya kuliah dan keuangan,Negatif
MHS-01744,MIPA,2,33,54,36,52,3,Social Adaptation,Dukungan dosen dan dosen wali,Positif
MHS-01745,Teknik,3,69,33,76,70,4,Balanced Wellbeing,Beban tugas dan ujian,Negatif
MHS-01746,Hukum,8,39,93,54,58,1,Academic Pressure,Kegiatan dan komunitas,Positif
MHS-01747,Hukum,7,38,86,49,56,1,Academic Pressure,Kesepian dan adaptasi sosial,Negatif
MHS-01748,Kedokteran,7,78,43,83,66,4,Balanced Wellbeing,Dukungan dosen dan dosen wali,Positif
MHS-01749,MIPA,7,48,88,55,57,1,Academic Pressure,Biaya kuliah dan keuangan,Netral
MHS-01750,Hukum,7,66,67,59,40,2,Career Concern,Kecemasan karier dan magang,Negatif
MHS-01751,Ilmu Budaya,7,65,60,69,50,2,Career Concern,Dukungan dosen dan dosen wali,Negatif
MHS-01752,MIPA,6,62,34,72,66,4,Balanced Wellbeing,Layanan kampus dan fasilitas,Negatif
MHS-01753,Kedokteran,4,55,66,60,61,2,Career Concern,Biaya kuliah dan keuangan,Netral
MHS-01754,MIPA,4,65,67,57,40,2,Career Concern,Kegiatan dan komunitas,Netral
MHS-01755,MIPA,3,60,76,66,39,2,Career Concern,Kecemasan karier dan magang,Negatif
MHS-01756,MIPA,5,45,69,57,62,1,Academic Pressure,Beban tugas dan ujian,Negatif
MHS-01757,Ilmu Budaya,1,72,44,78,70,4,Balanced Wellbeing,Kesepian dan adaptasi sosial,Negatif
MHS-01758,MIPA,3,38,71,48,58,1,Academic Pressure,Kegiatan dan komunitas,Positif
MHS-01759,Hukum,4,43,53,59,45,2,Career Concern,Layanan kampus dan fasilitas,Negatif
MHS-01760,Kedokteran,7,86,54,84,89,4,Balanced Wellbeing,Kegiatan dan komunitas,Negatif
MHS-01761,Ilmu Budaya,2,51,70,61,44,2,Career Concern,Layanan kampus dan fasilitas,Netral
MHS-01762,Teknik,2,56,65,58,51,2,Career Concern,Kecemasan karier dan magang,Positif
MHS-01763,Hukum,3,52,78,39,62,1,Academic Pressure,Beban tugas dan ujian,Positif
MHS-01764,Ilmu Budaya,7,38,88,60,52,1,Academic Pressure,Layanan kampus dan fasilitas,Positif
MHS-01765,Hukum,6,74,45,63,68,4,Balanced Wellbeing,Dukungan dosen dan dosen wali,Netral
MHS-01766,Hukum,8,55,58,70,36,2,Career Concern,Kesepian dan adaptasi sosial,Positif
MHS-01767,Kedokteran,1,71,60,85,76,4,Balanced Wellbeing,Kecemasan karier dan magang,Negatif
MHS-01768,Ekonomi dan Bisnis,4,53,67,53,57,2,Career Concern,Kecemasan karier dan magang,Negatif
MHS-01769,Ekonomi dan Bisnis,4,50,85,34,66,1,Academic Pressure,Beban tugas dan ujian,Negatif
MHS-01770,Ilmu Budaya,6,69,65,57,36,2,Career Concern,Kegiatan dan komunitas,Negatif
MHS-01771,Teknik,3,47,51,55,59,2,Career Concern,Biaya kuliah dan keuangan,Netral
MHS-01772,Ilmu Budaya,3,87,39,74,71,4,Balanced Wellbeing,Kecemasan karier dan magang,Negatif
MHS-01773,MIPA,1,85,48,61,78,4,Balanced Wellbeing,Beban tugas dan ujian,Negatif
MHS-01774,Hukum,7,71,61,93,79,4,Balanced Wellbeing,Kegiatan dan komunitas,Negatif
MHS-01775,Kedokteran,5,90,56,72,64,4,Balanced Wellbeing,Kesepian dan adaptasi sosial,Negatif
MHS-01776,MIPA,8,78,44,73,81,4,Balanced Wellbeing,Kecemasan karier dan magang,Positif
MHS-01777,MIPA,6,62,57,61,46,2,Career Concern,Kesepian dan adaptasi sosial,Negatif
MHS-01778,Ekonomi dan Bisnis,8,75,41,80,80,4,Balanced Wellbeing,Layanan kampus dan fasilitas,Positif
MHS-01779,Teknik,4,50,83,34,47,1,Academic Pressure,Dukungan dosen dan dosen wali,Negatif
MHS-01780,Ilmu Budaya,1,67,38,93,63,4,Balanced Wellbeing,Kegiatan dan komunitas,Positif
MHS-01781,MIPA,5,50,66,54,70,3,Social Adaptation,Dukungan dosen dan dosen wali,Negatif
MHS-01782,Ilmu Budaya,5,78,48,87,89,4,Balanced Wellbeing,Kecemasan karier dan magang,Negatif
MHS-01783,Kedokteran,5,56,64,56,49,2,Career Concern,Layanan kampus dan fasilitas,Positif
MHS-01784,Kedokteran,5,75,45,74,72,4,Balanced Wellbeing,Biaya kuliah dan keuangan,Negatif
MHS-01785,Kedokteran,8,48,58,55,40,2,Career Concern,Beban tugas dan ujian,Positif
MHS-01786,Kedokteran,4,51,49,50,63,3,Social Adaptation,Kegiatan dan komunitas,Netral
MHS-01787,MIPA,6,66,52,84,92,4,Balanced Wellbeing,Kesepian dan adaptasi sosial,Negatif
MHS-01788,Ilmu Budaya,2,59,55,59,47,2,Career Concern,Kesepian dan adaptasi sosial,Negatif
MHS-01789,Kedokteran,2,42,73,59,49,1,Academic Pressure,Beban tugas dan ujian,Negatif
MHS-01790,MIPA,7,68,62,57,54,2,Career Concern,Kecemasan karier dan magang,Negatif
MHS-01791,Ekonomi dan Bisnis,1,35,90,52,40,1,Academic Pressure,Kesepian dan adaptasi sosial,Negatif
MHS-01792,Teknik,4,43,53,42,61,3,Social Adaptation,Dukungan dosen dan dosen wali,Netral
MHS-01793,Hukum,2,53,57,39,55,3,Social Adaptation,Kecemasan karier dan magang,Positif
MHS-01794,Hukum,6,71,50,71,59,4,Balanced Wellbeing,Layanan kampus dan fasilitas,Negatif
MHS-01795,MIPA,6,44,69,70,50,2,Career Concern,Biaya kuliah dan keuangan,Netral
MHS-01796,Ekonomi dan Bisnis,8,68,71,76,44,2,Career Concern,Kesepian dan adaptasi sosial,Netral
MHS-01797,Ilmu Budaya,5,53,41,33,53,3,Social Adaptation,Kegiatan dan komunitas,Positif
MHS-01798,Ekonomi dan Bisnis,3,45,78,66,66,1,Academic Pressure,Beban tugas dan ujian,Negatif
MHS-01799,Kedokteran,8,51,87,59,72,1,Academic Pressure,Layanan kampus dan fasilitas,Positif
MHS-01800,Ilmu Budaya,5,89,54,65,78,4,Balanced Wellbeing,Layanan kampus dan fasilitas,Netral
MHS-01801,Ilmu Budaya,7,83,52,95,79,4,Balanced Wellbeing,Beban tugas dan ujian,Positif
MHS-01802,MIPA,7,44,86,58,58,1,Academic Pressure,Kecemasan karier dan magang,Positif
MHS-01803,Hukum,1,60,65,56,42,2,Career Concern,Biaya kuliah dan keuangan,Netral
MHS-01804,Ilmu Budaya,7,82,58,80,71,4,Balanced Wellbeing,Layanan kampus dan fasilitas,Netral
MHS-01805,Ekonomi dan Bisnis,7,58,65,76,23,2,Career Concern,Dukungan dosen dan dosen wali,Positif
MHS-01806,Hukum,7,60,58,59,47,2,Career Concern,Kecemasan karier dan magang,Negatif
MHS-01807,MIPA,3,58,59,66,46,2,Career Concern,Kecemasan karier dan magang,Positif
MHS-01808,Ilmu Budaya,2,57,51,40,74,3,Social Adaptation,Layanan kampus dan fasilitas,Negatif
MHS-01809,Hukum,1,95,48,72,74,4,Balanced Wellbeing,Kesepian dan adaptasi sosial,Positif
MHS-01810,Kedokteran,4,35,68,39,49,1,Academic Pressure,Kegiatan dan komunitas,Negatif
MHS-01811,MIPA,7,89,57,77,66,4,Balanced Wellbeing,Layanan kampus dan fasilitas,Positif
MHS-01812,Hukum,3,55,55,50,22,2,Career Concern,Dukungan dosen dan dosen wali,Negatif
MHS-01813,Teknik,3,54,63,69,36,2,Career Concern,Biaya kuliah dan keuangan,Negatif
MHS-01814,Ilmu Budaya,1,57,59,39,64,3,Social Adaptation,Kegiatan dan komunitas,Negatif
MHS-01815,Ilmu Budaya,7,82,46,66,76,4,Balanced Wellbeing,Layanan kampus dan fasilitas,Positif
MHS-01816,Ilmu Budaya,5,48,63,51,58,3,Social Adaptation,Dukungan dosen dan dosen wali,Netral
MHS-01817,MIPA,5,42,58,46,62,3,Social Adaptation,Beban tugas dan ujian,Negatif
MHS-01818,MIPA,2,46,58,36,48,3,Social Adaptation,Kesepian dan adaptasi sosial,Negatif
MHS-01819,Ilmu Budaya,1,68,60,56,35,2,Career Concern,Biaya kuliah dan keuangan,Positif
MHS-01820,MIPA,1,31,94,62,53,1,Academic Pressure,Beban tugas dan ujian,Positif
MHS-01821,MIPA,4,34,80,71,52,1,Academic Pressure,Kegiatan dan komunitas,Netral
MHS-01822,Hukum,2,44,60,30,52,3,Social Adaptation,Layanan kampus dan fasilitas,Negatif
MHS-01823,Ekonomi dan Bisnis,1,61,78,57,50,1,Academic Pressure,Dukungan dosen dan dosen wali,Negatif
MHS-01824,Kedokteran,7,58,73,51,56,1,Academic Pressure,Biaya kuliah dan keuangan,Negatif
MHS-01825,Ilmu Budaya,1,87,44,85,69,4,Balanced Wellbeing,Layanan kampus dan fasilitas,Positif
MHS-01826,Teknik,2,45,61,48,47,3,Social Adaptation,Dukungan dosen dan dosen wali,Positif
MHS-01827,Ekonomi dan Bisnis,1,50,99,48,71,1,Academic Pressure,Kesepian dan adaptasi sosial,Negatif
MHS-01828,Teknik,7,63,55,33,62,3,Social Adaptation,Kecemasan karier dan magang,Positif
MHS-01829,Ekonomi dan Bisnis,3,44,50,74,58,2,Career Concern,Kegiatan dan komunitas,Negatif
MHS-01830,Ilmu Budaya,5,40,73,53,52,1,Academic Pressure,Kesepian dan adaptasi sosial,Positif
MHS-01831,Ekonomi dan Bisnis,4,72,50,75,75,4,Balanced Wellbeing,Biaya kuliah dan keuangan,Negatif
MHS-01832,MIPA,1,57,54,69,56,2,Career Concern,Beban tugas dan ujian,Positif
MHS-01833,Hukum,3,78,44,78,65,4,Balanced Wellbeing,Dukungan dosen dan dosen wali,Positif
MHS-01834,Hukum,6,49,49,54,37,2,Career Concern,Layanan kampus dan fasilitas,Negatif
MHS-01835,Teknik,6,50,78,57,49,1,Academic Pressure,Kesepian dan adaptasi sosial,Negatif
MHS-01836,Teknik,5,72,65,68,46,2,Career Concern,Kesepian dan adaptasi sosial,Negatif
MHS-01837,Hukum,5,61,73,57,59,2,Career Concern,Beban tugas dan ujian,Positif
MHS-01838,MIPA,4,43,40,31,59,3,Social Adaptation,Beban tugas dan ujian,Negatif
MHS-01839,Hukum,4,51,85,67,59,1,Academic Pressure,Kecemasan karier dan magang,Positif
MHS-01840,MIPA,2,56,78,38,51,1,Academic Pressure,Biaya kuliah dan keuangan,Positif
MHS-01841,Ekonomi dan Bisnis,2,51,74,53,54,1,Academic Pressure,Kesepian dan adaptasi sosial,Netral
MHS-01842,Teknik,2,45,87,60,39,1,Academic Pressure,Layanan kampus dan fasilitas,Netral
MHS-01843,Ilmu Budaya,7,53,75,48,44,2,Career Concern,Kecemasan karier dan magang,Netral
MHS-01844,Kedokteran,7,78,60,87,82,4,Balanced Wellbeing,Dukungan dosen dan dosen wali,Positif
MHS-01845,Teknik,6,38,76,57,52,1,Academic Pressure,Kesepian dan adaptasi sosial,Negatif
MHS-01846,MIPA,7,73,39,82,75,4,Balanced Wellbeing,Dukungan dosen dan dosen wali,Netral
MHS-01847,Hukum,8,54,78,63,37,2,Career Concern,Layanan kampus dan fasilitas,Negatif
MHS-01848,MIPA,3,59,50,55,36,2,Career Concern,Layanan kampus dan fasilitas,Positif
MHS-01849,Hukum,2,38,85,53,41,1,Academic Pressure,Kegiatan dan komunitas,Negatif
MHS-01850,MIPA,5,60,48,20,62,3,Social Adaptation,Biaya kuliah dan keuangan,Positif
MHS-01851,Ilmu Budaya,2,78,55,86,67,4,Balanced Wellbeing,Beban tugas dan ujian,Negatif
MHS-01852,MIPA,4,45,69,24,54,3,Social Adaptation,Layanan kampus dan fasilitas,Positif
MHS-01853,MIPA,3,67,54,63,42,2,Career Concern,Kegiatan dan komunitas,Negatif
MHS-01854,Kedokteran,2,50,56,57,46,2,Career Concern,Dukungan dosen dan dosen wali,Positif
MHS-01855,Hukum,6,76,37,79,60,4,Balanced Wellbeing,Kecemasan karier dan magang,Negatif
MHS-01856,MIPA,3,35,75,60,54,1,Academic Pressure,Kegiatan dan komunitas,Netral
MHS-01857,Hukum,6,72,50,70,78,4,Balanced Wellbeing,Kegiatan dan komunitas,Netral
MHS-01858,Ilmu Budaya,4,47,84,58,56,1,Academic Pressure,Kesepian dan adaptasi sosial,Negatif
MHS-01859,Teknik,4,68,46,65,84,4,Balanced Wellbeing,Dukungan dosen dan dosen wali,Negatif
MHS-01860,Kedokteran,6,39,93,55,52,1,Academic Pressure,Kegiatan dan komunitas,Positif
MHS-01861,Ilmu Budaya,7,66,57,62,55,2,Career Concern,Kecemasan karier dan magang,Netral
MHS-01862,MIPA,1,81,51,80,94,4,Balanced Wellbeing,Dukungan dosen dan dosen wali,Negatif
MHS-01863,Hukum,7,42,64,53,41,2,Career Concern,Kesepian dan adaptasi sosial,Negatif
MHS-01864,Ilmu Budaya,2,45,66,49,63,3,Social Adaptation,Beban tugas dan ujian,Positif
MHS-01865,Hukum,5,68,61,71,87,4,Balanced Wellbeing,Kesepian dan adaptasi sosial,Positif
MHS-01866,Ekonomi dan Bisnis,1,51,91,64,52,1,Academic Pressure,Biaya kuliah dan keuangan,Negatif
MHS-01867,Ilmu Budaya,2,72,45,71,65,4,Balanced Wellbeing,Layanan kampus dan fasilitas,Positif
MHS-01868,Ilmu Budaya,5,56,83,57,44,1,Academic Pressure,Dukungan dosen dan dosen wali,Positif
MHS-01869,Kedokteran,8,49,61,42,66,3,Social Adaptation,Kegiatan dan komunitas,Negatif
MHS-01870,Ilmu Budaya,3,43,67,56,42,1,Academic Pressure,Kegiatan dan komunitas,Negatif
MHS-01871,Teknik,7,62,79,77,46,1,Academic Pressure,Kegiatan dan komunitas,Positif
MHS-01872,Teknik,8,81,64,68,66,4,Balanced Wellbeing,Kecemasan karier dan magang,Netral
MHS-01873,Ilmu Budaya,1,77,51,68,81,4,Balanced Wellbeing,Kegiatan dan komunitas,Negatif
MHS-01874,Hukum,7,64,72,49,59,1,Academic Pressure,Beban tugas dan ujian,Negatif
MHS-01875,Ekonomi dan Bisnis,4,49,83,54,63,1,Academic Pressure,Beban tugas dan ujian,Netral
MHS-01876,Hukum,8,71,60,64,45,2,Career Concern,Dukungan dosen dan dosen wali,Netral
MHS-01877,Teknik,1,44,100,55,62,1,Academic Pressure,Layanan kampus dan fasilitas,Negatif
MHS-01878,MIPA,8,58,72,29,55,3,Social Adaptation,Kecemasan karier dan magang,Positif
MHS-01879,Kedokteran,3,51,66,46,62,3,Social Adaptation,Kecemasan karier dan magang,Negatif
MHS-01880,Teknik,1,51,70,49,67,3,Social Adaptation,Kecemasan karier dan magang,Negatif
MHS-01881,Hukum,3,59,60,53,41,2,Career Concern,Beban tugas dan ujian,Positif
MHS-01882,Ekonomi dan Bisnis,2,51,56,44,52,3,Social Adaptation,Layanan kampus dan fasilitas,Negatif
MHS-01883,Ilmu Budaya,4,43,89,53,54,1,Academic Pressure,Kecemasan karier dan magang,Negatif
MHS-01884,Teknik,8,37,84,66,59,1,Academic Pressure,Kecemasan karier dan magang,Negatif
MHS-01885,Ilmu Budaya,3,67,62,70,36,2,Career Concern,Kecemasan karier dan magang,Negatif
MHS-01886,Ilmu Budaya,2,74,39,76,76,4,Balanced Wellbeing,Layanan kampus dan fasilitas,Negatif
MHS-01887,Ekonomi dan Bisnis,4,64,60,62,46,2,Career Concern,Kegiatan dan komunitas,Negatif
MHS-01888,Ekonomi dan Bisnis,4,45,84,51,54,1,Academic Pressure,Layanan kampus dan fasilitas,Negatif
MHS-01889,Ilmu Budaya,8,75,44,78,87,4,Balanced Wellbeing,Kecemasan karier dan magang,Negatif
MHS-01890,Ilmu Budaya,2,53,55,62,48,2,Career Concern,Dukungan dosen dan dosen wali,Negatif
MHS-01891,Kedokteran,6,52,81,69,47,1,Academic Pressure,Beban tugas dan ujian,Negatif
MHS-01892,Ekonomi dan Bisnis,7,42,78,24,50,3,Social Adaptation,Layanan kampus dan fasilitas,Positif
MHS-01893,MIPA,7,81,30,79,84,4,Balanced Wellbeing,Kecemasan karier dan magang,Negatif
MHS-01894,Ekonomi dan Bisnis,8,41,80,54,61,1,Academic Pressure,Kegiatan dan komunitas,Netral
MHS-01895,Ilmu Budaya,5,54,83,57,48,1,Academic Pressure,Beban tugas dan ujian,Negatif
MHS-01896,Hukum,3,57,46,45,56,3,Social Adaptation,Kegiatan dan komunitas,Negatif
MHS-01897,Ekonomi dan Bisnis,2,43,61,40,57,3,Social Adaptation,Kecemasan karier dan magang,Netral
MHS-01898,Ekonomi dan Bisnis,8,67,72,75,68,2,Career Concern,Dukungan dosen dan dosen wali,Positif
MHS-01899,Teknik,7,81,46,80,76,4,Balanced Wellbeing,Kecemasan karier dan magang,Positif
MHS-01900,MIPA,2,48,53,71,44,2,Career Concern,Beban tugas dan ujian,Negatif
MHS-01901,Ekonomi dan Bisnis,4,52,59,26,52,3,Social Adaptation,Kecemasan karier dan magang,Netral
MHS-01902,Hukum,1,67,28,72,69,4,Balanced Wellbeing,Kesepian dan adaptasi sosial,Negatif
MHS-01903,Ilmu Budaya,8,51,59,48,44,3,Social Adaptation,Biaya kuliah dan keuangan,Negatif
MHS-01904,Ilmu Budaya,2,55,53,37,63,3,Social Adaptation,Beban tugas dan ujian,Positif
MHS-01905,Hukum,6,72,45,89,79,4,Balanced Wellbeing,Dukungan dosen dan dosen wali,Negatif
MHS-01906,Hukum,1,68,66,82,79,4,Balanced Wellbeing,Beban tugas dan ujian,Negatif
MHS-01907,Kedokteran,5,64,61,72,40,2,Career Concern,Layanan kampus dan fasilitas,Positif
MHS-01908,Hukum,1,57,56,56,42,2,Career Concern,Kegiatan dan komunitas,Negatif
MHS-01909,Kedokteran,1,52,65,39,66,3,Social Adaptation,Kecemasan karier dan magang,Positif
MHS-01910,Ilmu Budaya,4,65,53,55,27,2,Career Concern,Kegiatan dan komunitas,Positif
MHS-01911,Kedokteran,2,63,58,63,43,2,Career Concern,Kecemasan karier dan magang,Netral
MHS-01912,Teknik,3,46,78,61,57,1,Academic Pressure,Kegiatan dan komunitas,Netral
MHS-01913,MIPA,3,63,54,64,42,2,Career Concern,Kecemasan karier dan magang,Negatif
MHS-01914,Hukum,3,38,78,53,52,1,Academic Pressure,Kecemasan karier dan magang,Positif
MHS-01915,Kedokteran,6,69,49,88,82,4,Balanced Wellbeing,Beban tugas dan ujian,Negatif
MHS-01916,Kedokteran,7,54,66,66,45,1,Academic Pressure,Dukungan dosen dan dosen wali,Negatif
MHS-01917,Ilmu Budaya,1,84,44,82,85,4,Balanced Wellbeing,Beban tugas dan ujian,Netral
MHS-01918,Ilmu Budaya,3,57,48,65,56,2,Career Concern,Biaya kuliah dan keuangan,Negatif
MHS-01919,Hukum,3,53,62,74,39,2,Career Concern,Kegiatan dan komunitas,Negatif
MHS-01920,Kedokteran,7,60,45,77,66,4,Balanced Wellbeing,Kecemasan karier dan magang,Positif
MHS-01921,MIPA,5,88,34,71,79,4,Balanced Wellbeing,Kegiatan dan komunitas,Netral
MHS-01922,Teknik,5,39,56,36,59,3,Social Adaptation,Layanan kampus dan fasilitas,Netral
MHS-01923,Hukum,7,45,87,55,54,1,Academic Pressure,Dukungan dosen dan dosen wali,Positif
MHS-01924,Kedokteran,3,42,91,61,42,1,Academic Pressure,Biaya kuliah dan keuangan,Negatif
MHS-01925,Teknik,2,52,46,59,41,2,Career Concern,Dukungan dosen dan dosen wali,Netral
MHS-01926,Ekonomi dan Bisnis,5,41,60,49,58,3,Social Adaptation,Kecemasan karier dan magang,Negatif
MHS-01927,MIPA,7,70,45,88,77,4,Balanced Wellbeing,Layanan kampus dan fasilitas,Negatif
MHS-01928,Teknik,3,73,48,81,75,4,Balanced Wellbeing,Kegiatan dan komunitas,Positif
MHS-01929,Ilmu Budaya,1,59,55,64,40,2,Career Concern,Biaya kuliah dan keuangan,Netral
MHS-01930,MIPA,7,76,50,77,62,4,Balanced Wellbeing,Beban tugas dan ujian,Positif
MHS-01931,Teknik,2,82,51,85,64,4,Balanced Wellbeing,Beban tugas dan ujian,Positif
MHS-01932,Ilmu Budaya,2,71,54,62,57,2,Career Concern,Layanan kampus dan fasilitas,Positif
MHS-01933,Ekonomi dan Bisnis,6,47,65,55,35,1,Academic Pressure,Dukungan dosen dan dosen wali,Netral
MHS-01934,Ilmu Budaya,6,75,56,75,95,4,Balanced Wellbeing,Kegiatan dan komunitas,Negatif
MHS-01935,Teknik,8,42,84,42,49,1,Academic Pressure,Kecemasan karier dan magang,Netral
MHS-01936,Hukum,4,54,62,24,60,3,Social Adaptation,Kesepian dan adaptasi sosial,Negatif
MHS-01937,Ekonomi dan Bisnis,4,36,60,23,60,3,Social Adaptation,Dukungan dosen dan dosen wali,Netral
MHS-01938,Ekonomi dan Bisnis,1,44,61,53,41,2,Career Concern,Kesepian dan adaptasi sosial,Positif
MHS-01939,MIPA,6,78,51,92,75,4,Balanced Wellbeing,Kegiatan dan komunitas,Negatif
MHS-01940,Ekonomi dan Bisnis,4,41,72,51,65,1,Academic Pressure,Kesepian dan adaptasi sosial,Positif
MHS-01941,MIPA,6,82,65,51,35,2,Career Concern,Kegiatan dan komunitas,Negatif
MHS-01942,Teknik,4,46,64,72,48,2,Career Concern,Layanan kampus dan fasilitas,Positif
MHS-01943,Ilmu Budaya,5,79,42,74,85,4,Balanced Wellbeing,Kegiatan dan komunitas,Negatif
MHS-01944,MIPA,5,48,84,68,46,1,Academic Pressure,Kegiatan dan komunitas,Negatif
MHS-01945,Kedokteran,2,64,35,74,70,4,Balanced Wellbeing,Kecemasan karier dan magang,Negatif
MHS-01946,Teknik,3,59,57,77,45,2,Career Concern,Beban tugas dan ujian,Negatif
MHS-01947,Hukum,4,61,50,56,48,2,Career Concern,Kecemasan karier dan magang,Netral
MHS-01948,Kedokteran,8,44,80,48,65,1,Academic Pressure,Kesepian dan adaptasi sosial,Negatif
MHS-01949,Ekonomi dan Bisnis,6,68,41,86,72,4,Balanced Wellbeing,Biaya kuliah dan keuangan,Positif
MHS-01950,Ekonomi dan Bisnis,4,57,66,23,58,3,Social Adaptation,Layanan kampus dan fasilitas,Negatif
MHS-01951,Hukum,8,57,67,64,43,2,Career Concern,Kecemasan karier dan magang,Negatif
MHS-01952,Ilmu Budaya,8,63,51,93,73,4,Balanced Wellbeing,Kesepian dan adaptasi sosial,Negatif
MHS-01953,Kedokteran,8,52,96,47,53,1,Academic Pressure,Layanan kampus dan fasilitas,Positif
MHS-01954,Teknik,3,77,55,77,79,4,Balanced Wellbeing,Kesepian dan adaptasi sosial,Negatif
MHS-01955,Ekonomi dan Bisnis,6,72,34,76,77,4,Balanced Wellbeing,Biaya kuliah dan keuangan,Positif
MHS-01956,Teknik,8,80,42,73,73,4,Balanced Wellbeing,Kesepian dan adaptasi sosial,Negatif
MHS-01957,Hukum,4,74,41,94,68,4,Balanced Wellbeing,Biaya kuliah dan keuangan,Negatif
MHS-01958,Ilmu Budaya,8,55,52,73,55,2,Career Concern,Layanan kampus dan fasilitas,Negatif
MHS-01959,Ekonomi dan Bisnis,3,57,43,90,73,4,Balanced Wellbeing,Beban tugas dan ujian,Netral
MHS-01960,Ekonomi dan Bisnis,8,46,83,40,49,1,Academic Pressure,Kecemasan karier dan magang,Netral
MHS-01961,Ekonomi dan Bisnis,6,63,53,61,45,2,Career Concern,Kesepian dan adaptasi sosial,Negatif
MHS-01962,Teknik,1,68,46,79,82,4,Balanced Wellbeing,Kecemasan karier dan magang,Positif
MHS-01963,Ekonomi dan Bisnis,3,50,89,59,44,1,Academic Pressure,Beban tugas dan ujian,Netral
MHS-01964,Ilmu Budaya,7,60,61,54,45,2,Career Concern,Layanan kampus dan fasilitas,Negatif
MHS-01965,Kedokteran,7,44,92,51,50,1,Academic Pressure,Layanan kampus dan fasilitas,Netral
MHS-01966,Ekonomi dan Bisnis,3,38,86,59,67,1,Academic Pressure,Beban tugas dan ujian,Positif
MHS-01967,Ekonomi dan Bisnis,7,76,44,96,73,4,Balanced Wellbeing,Biaya kuliah dan keuangan,Negatif
MHS-01968,Ekonomi dan Bisnis,2,56,85,56,50,1,Academic Pressure,Kesepian dan adaptasi sosial,Positif
MHS-01969,Ekonomi dan Bisnis,7,68,28,78,79,4,Balanced Wellbeing,Kegiatan dan komunitas,Negatif
MHS-01970,Ilmu Budaya,7,59,49,28,61,3,Social Adaptation,Kecemasan karier dan magang,Positif
MHS-01971,Kedokteran,6,49,48,36,60,3,Social Adaptation,Beban tugas dan ujian,Netral
MHS-01972,Teknik,3,40,58,45,52,1,Academic Pressure,Layanan kampus dan fasilitas,Negatif
MHS-01973,Ilmu Budaya,7,58,80,51,53,1,Academic Pressure,Kesepian dan adaptasi sosial,Negatif
MHS-01974,Kedokteran,6,69,43,90,72,4,Balanced Wellbeing,Beban tugas dan ujian,Negatif
MHS-01975,Ilmu Budaya,1,61,52,54,44,2,Career Concern,Kecemasan karier dan magang,Negatif
MHS-01976,Teknik,6,62,78,51,49,1,Academic Pressure,Kegiatan dan komunitas,Positif
MHS-01977,Ekonomi dan Bisnis,3,48,71,47,52,3,Social Adaptation,Biaya kuliah dan keuangan,Positif
MHS-01978,Hukum,6,76,48,84,80,4,Balanced Wellbeing,Biaya kuliah dan keuangan,Positif
MHS-01979,Teknik,4,82,45,83,62,4,Balanced Wellbeing,Kegiatan dan komunitas,Negatif
MHS-01980,Ekonomi dan Bisnis,3,48,56,42,70,3,Social Adaptation,Biaya kuliah dan keuangan,Positif
MHS-01981,MIPA,4,67,60,54,54,2,Career Concern,Beban tugas dan ujian,Negatif
MHS-01982,MIPA,7,63,68,55,46,2,Career Concern,Biaya kuliah dan keuangan,Positif
MHS-01983,Ilmu Budaya,8,80,50,74,74,4,Balanced Wellbeing,Biaya kuliah dan keuangan,Netral
MHS-01984,Ekonomi dan Bisnis,8,53,94,54,55,1,Academic Pressure,Biaya kuliah dan keuangan,Netral
MHS-01985,Hukum,7,36,86,61,56,1,Academic Pressure,Kecemasan karier dan magang,Positif
MHS-01986,Teknik,3,53,51,67,40,2,Career Concern,Dukungan dosen dan dosen wali,Negatif
MHS-01987,MIPA,5,76,46,70,67,4,Balanced Wellbeing,Biaya kuliah dan keuangan,Positif
MHS-01988,Kedokteran,2,87,50,84,68,4,Balanced Wellbeing,Biaya kuliah dan keuangan,Negatif
MHS-01989,Ilmu Budaya,8,46,73,52,62,3,Social Adaptation,Dukungan dosen dan dosen wali,Negatif
MHS-01990,MIPA,4,57,44,64,46,2,Career Concern,Dukungan dosen dan dosen wali,Positif
MHS-01991,Teknik,5,72,45,87,90,4,Balanced Wellbeing,Kegiatan dan komunitas,Netral
MHS-01992,Ekonomi dan Bisnis,7,52,57,39,63,3,Social Adaptation,Biaya kuliah dan keuangan,Negatif
MHS-01993,Teknik,6,38,84,52,60,1,Academic Pressure,Dukungan dosen dan dosen wali,Netral
MHS-01994,Ilmu Budaya,8,54,53,44,56,3,Social Adaptation,Kecemasan karier dan magang,Negatif
MHS-01995,Ekonomi dan Bisnis,6,36,83,56,44,1,Academic Pressure,Dukungan dosen dan dosen wali,Negatif
MHS-01996,Ekonomi dan Bisnis,6,57,76,41,58,3,Social Adaptation,Dukungan dosen dan dosen wali,Positif
MHS-01997,Kedokteran,3,84,45,75,72,4,Balanced Wellbeing,Dukungan dosen dan dosen wali,Negatif
MHS-01998,Teknik,1,51,80,50,49,1,Academic Pressure,Layanan kampus dan fasilitas,Netral
MHS-01999,Kedokteran,1,83,48,97,74,4,Balanced Wellbeing,Layanan kampus dan fasilitas,Negatif
MHS-02000,Hukum,2,75,44,80,77,4,Balanced Wellbeing,Layanan kampus dan fasilitas,Negatif
MHS-02001,MIPA,4,54,67,34,58,3,Social Adaptation,Kesepian dan adaptasi sosial,Positif
MHS-02002,Kedokteran,7,39,80,51,46,1,Academic Pressure,Beban tugas dan ujian,Positif
MHS-02003,MIPA,6,63,79,50,55,1,Academic Pressure,Beban tugas dan ujian,Negatif
MHS-02004,Ekonomi dan Bisnis,2,40,86,50,54,1,Academic Pressure,Kecemasan karier dan magang,Positif
MHS-02005,Ilmu Budaya,5,39,70,54,64,1,Academic Pressure,Kecemasan karier dan magang,Positif
MHS-02006,Ilmu Budaya,8,59,56,61,35,2,Career Concern,Dukungan dosen dan dosen wali,Positif
MHS-02007,Kedokteran,5,59,59,65,39,2,Career Concern,Kecemasan karier dan magang,Netral
MHS-02008,Ilmu Budaya,1,64,63,56,52,2,Career Concern,Beban tugas dan ujian,Positif
MHS-02009,Ekonomi dan Bisnis,8,46,86,59,47,1,Academic Pressure,Biaya kuliah dan keuangan,Negatif
MHS-02010,Ilmu Budaya,5,47,90,52,56,1,Academic Pressure,Kesepian dan adaptasi sosial,Netral
MHS-02011,Ekonomi dan Bisnis,7,77,38,82,89,4,Balanced Wellbeing,Layanan kampus dan fasilitas,Netral
MHS-02012,Teknik,6,36,87,56,52,1,Academic Pressure,Kecemasan karier dan magang,Netral
MHS-02013,Kedokteran,1,62,58,56,48,2,Career Concern,Kegiatan dan komunitas,Positif
MHS-02014,Hukum,7,49,70,32,72,3,Social Adaptation,Dukungan dosen dan dosen wali,Negatif
MHS-02015,Teknik,8,75,51,92,78,4,Balanced Wellbeing,Kegiatan dan komunitas,Netral
MHS-02016,Ekonomi dan Bisnis,7,40,86,51,44,1,Academic Pressure,Layanan kampus dan fasilitas,Positif
MHS-02017,Hukum,1,54,71,47,42,2,Career Concern,Beban tugas dan ujian,Negatif
MHS-02018,Ilmu Budaya,7,60,70,37,60,3,Social Adaptation,Beban tugas dan ujian,Negatif
MHS-02019,Kedokteran,7,92,49,80,79,4,Balanced Wellbeing,Layanan kampus dan fasilitas,Netral
MHS-02020,Teknik,3,49,60,27,65,3,Social Adaptation,Kecemasan karier dan magang,Positif
MHS-02021,MIPA,8,52,57,63,44,2,Career Concern,Layanan kampus dan fasilitas,Netral
MHS-02022,Ekonomi dan Bisnis,7,69,32,88,76,4,Balanced Wellbeing,Kecemasan karier dan magang,Negatif
MHS-02023,Hukum,6,82,39,71,74,4,Balanced Wellbeing,Kegiatan dan komunitas,Positif
MHS-02024,Teknik,5,48,66,43,47,3,Social Adaptation,Dukungan dosen dan dosen wali,Positif
MHS-02025,Ekonomi dan Bisnis,3,55,72,47,54,1,Academic Pressure,Kegiatan dan komunitas,Negatif
MHS-02026,MIPA,3,66,57,43,58,3,Social Adaptation,Kegiatan dan komunitas,Positif
MHS-02027,Ilmu Budaya,6,83,29,69,74,4,Balanced Wellbeing,Kegiatan dan komunitas,Negatif
MHS-02028,MIPA,5,58,59,48,51,2,Career Concern,Kecemasan karier dan magang,Negatif
MHS-02029,Teknik,4,65,39,69,55,4,Balanced Wellbeing,Biaya kuliah dan keuangan,Negatif
MHS-02030,Teknik,7,45,95,48,46,1,Academic Pressure,Layanan kampus dan fasilitas,Negatif
MHS-02031,Kedokteran,4,64,60,58,41,2,Career Concern,Layanan kampus dan fasilitas,Positif
MHS-02032,Hukum,2,80,34,82,61,4,Balanced Wellbeing,Kesepian dan adaptasi sosial,Positif
MHS-02033,Ekonomi dan Bisnis,2,87,46,86,72,4,Balanced Wellbeing,Biaya kuliah dan keuangan,Positif
MHS-02034,MIPA,3,79,44,76,69,4,Balanced Wellbeing,Kegiatan dan komunitas,Netral
MHS-02035,Ekonomi dan Bisnis,7,76,42,90,77,4,Balanced Wellbeing,Dukungan dosen dan dosen wali,Negatif
MHS-02036,Teknik,8,46,80,44,39,1,Academic Pressure,Kecemasan karier dan magang,Negatif
MHS-02037,MIPA,6,65,74,60,50,2,Career Concern,Kegiatan dan komunitas,Positif
MHS-02038,Hukum,8,37,81,49,60,1,Academic Pressure,Dukungan dosen dan dosen wali,Negatif
MHS-02039,Teknik,3,54,57,48,34,2,Career Concern,Kegiatan dan komunitas,Negatif
MHS-02040,Hukum,3,48,83,48,45,1,Academic Pressure,Kesepian dan adaptasi sosial,Negatif
MHS-02041,Kedokteran,6,43,91,51,48,1,Academic Pressure,Layanan kampus dan fasilitas,Netral
MHS-02042,Ekonomi dan Bisnis,5,61,82,61,34,1,Academic Pressure,Kecemasan karier dan magang,Netral
MHS-02043,Ekonomi dan Bisnis,1,63,91,63,49,1,Academic Pressure,Kecemasan karier dan magang,Netral
MHS-02044,Ilmu Budaya,1,78,44,71,66,4,Balanced Wellbeing,Kecemasan karier dan magang,Positif
MHS-02045,Hukum,7,49,69,62,53,1,Academic Pressure,Biaya kuliah dan keuangan,Netral
MHS-02046,Ilmu Budaya,5,45,74,52,24,2,Career Concern,Kegiatan dan komunitas,Positif
MHS-02047,Kedokteran,7,56,51,52,44,2,Career Concern,Kesepian dan adaptasi sosial,Negatif
MHS-02048,MIPA,7,47,69,53,37,2,Career Concern,Biaya kuliah dan keuangan,Netral
MHS-02049,Ekonomi dan Bisnis,1,32,63,51,46,3,Social Adaptation,Biaya kuliah dan keuangan,Negatif
MHS-02050,Ilmu Budaya,7,72,44,73,79,4,Balanced Wellbeing,Kecemasan karier dan magang,Negatif
MHS-02051,Hukum,4,58,55,42,48,3,Social Adaptation,Kecemasan karier dan magang,Negatif
MHS-02052,Kedokteran,7,67,42,69,74,4,Balanced Wellbeing,Beban tugas dan ujian,Negatif
MHS-02053,Teknik,6,61,77,66,43,1,Academic Pressure,Kecemasan karier dan magang,Netral
MHS-02054,Teknik,5,52,65,38,58,3,Social Adaptation,Biaya kuliah dan keuangan,Negatif
MHS-02055,Kedokteran,4,82,54,79,71,4,Balanced Wellbeing,Kegiatan dan komunitas,Negatif
MHS-02056,Kedokteran,3,47,83,44,50,1,Academic Pressure,Dukungan dosen dan dosen wali,Positif
MHS-02057,Hukum,3,43,64,34,52,3,Social Adaptation,Biaya kuliah dan keuangan,Positif
MHS-02058,MIPA,8,54,63,34,62,3,Social Adaptation,Kesepian dan adaptasi sosial,Negatif
MHS-02059,MIPA,1,65,41,93,87,4,Balanced Wellbeing,Dukungan dosen dan dosen wali,Positif
MHS-02060,Ilmu Budaya,7,86,51,80,92,4,Balanced Wellbeing,Kesepian dan adaptasi sosial,Negatif
MHS-02061,Kedokteran,1,83,57,89,68,4,Balanced Wellbeing,Biaya kuliah dan keuangan,Negatif
MHS-02062,Hukum,6,50,86,59,54,1,Academic Pressure,Kegiatan dan komunitas,Negatif
MHS-02063,Ekonomi dan Bisnis,7,56,57,69,43,2,Career Concern,Beban tugas dan ujian,Positif
MHS-02064,Hukum,2,42,67,54,41,1,Academic Pressure,Layanan kampus dan fasilitas,Negatif
MHS-02065,Kedokteran,8,46,86,47,77,1,Academic Pressure,Biaya kuliah dan keuangan,Netral
MHS-02066,Ekonomi dan Bisnis,6,39,66,58,46,2,Career Concern,Beban tugas dan ujian,Positif
MHS-02067,Hukum,1,51,72,51,35,2,Career Concern,Dukungan dosen dan dosen wali,Netral
MHS-02068,Teknik,5,58,71,69,35,2,Career Concern,Biaya kuliah dan keuangan,Negatif
MHS-02069,Hukum,2,69,43,87,74,4,Balanced Wellbeing,Dukungan dosen dan dosen wali,Positif
MHS-02070,MIPA,2,56,74,56,48,2,Career Concern,Kesepian dan adaptasi sosial,Negatif
MHS-02071,Kedokteran,6,53,82,55,50,1,Academic Pressure,Biaya kuliah dan keuangan,Negatif
MHS-02072,MIPA,1,64,37,75,72,4,Balanced Wellbeing,Dukungan dosen dan dosen wali,Negatif
MHS-02073,MIPA,7,75,43,62,72,4,Balanced Wellbeing,Dukungan dosen dan dosen wali,Positif
MHS-02074,MIPA,6,38,85,59,57,1,Academic Pressure,Beban tugas dan ujian,Positif
MHS-02075,Ekonomi dan Bisnis,4,77,51,81,86,4,Balanced Wellbeing,Beban tugas dan ujian,Positif
MHS-02076,Ilmu Budaya,8,65,84,65,44,1,Academic Pressure,Beban tugas dan ujian,Netral
MHS-02077,MIPA,2,80,47,92,72,4,Balanced Wellbeing,Layanan kampus dan fasilitas,Positif
MHS-02078,Ekonomi dan Bisnis,7,78,43,84,88,4,Balanced Wellbeing,Kesepian dan adaptasi sosial,Negatif
MHS-02079,Teknik,2,62,61,57,47,2,Career Concern,Layanan kampus dan fasilitas,Netral
MHS-02080,Ilmu Budaya,1,73,41,85,74,4,Balanced Wellbeing,Kesepian dan adaptasi sosial,Negatif
MHS-02081,Hukum,3,55,40,71,47,2,Career Concern,Dukungan dosen dan dosen wali,Positif
MHS-02082,MIPA,5,57,45,50,38,2,Career Concern,Kesepian dan adaptasi sosial,Positif
MHS-02083,Ilmu Budaya,1,61,56,55,55,2,Career Concern,Biaya kuliah dan keuangan,Negatif
MHS-02084,Ilmu Budaya,1,46,81,44,62,1,Academic Pressure,Kecemasan karier dan magang,Positif
MHS-02085,Teknik,6,81,47,75,77,4,Balanced Wellbeing,Beban tugas dan ujian,Negatif
MHS-02086,Teknik,4,36,68,30,50,3,Social Adaptation,Layanan kampus dan fasilitas,Negatif
MHS-02087,Kedokteran,6,76,47,78,75,4,Balanced Wellbeing,Kecemasan karier dan magang,Netral
MHS-02088,Hukum,3,47,62,62,47,2,Career Concern,Kesepian dan adaptasi sosial,Negatif
MHS-02089,Kedokteran,6,53,75,71,42,1,Academic Pressure,Biaya kuliah dan keuangan,Positif
MHS-02090,Kedokteran,6,42,94,61,50,1,Academic Pressure,Kecemasan karier dan magang,Netral
MHS-02091,Ekonomi dan Bisnis,5,47,51,33,64,3,Social Adaptation,Kegiatan dan komunitas,Positif
MHS-02092,Ilmu Budaya,8,65,51,60,39,2,Career Concern,Beban tugas dan ujian,Negatif
MHS-02093,Ilmu Budaya,1,63,53,83,68,4,Balanced Wellbeing,Kesepian dan adaptasi sosial,Negatif
MHS-02094,Teknik,6,82,41,85,79,4,Balanced Wellbeing,Layanan kampus dan fasilitas,Negatif
MHS-02095,Ilmu Budaya,8,55,64,35,38,3,Social Adaptation,Kegiatan dan komunitas,Negatif
MHS-02096,Ekonomi dan Bisnis,6,61,61,61,47,2,Career Concern,Biaya kuliah dan keuangan,Negatif
MHS-02097,Hukum,8,75,38,91,82,4,Balanced Wellbeing,Layanan kampus dan fasilitas,Negatif
MHS-02098,Ilmu Budaya,7,86,51,69,72,4,Balanced Wellbeing,Dukungan dosen dan dosen wali,Positif
MHS-02099,Kedokteran,8,39,96,50,50,1,Academic Pressure,Biaya kuliah dan keuangan,Netral
MHS-02100,Hukum,8,69,52,82,52,4,Balanced Wellbeing,Kegiatan dan komunitas,Negatif
MHS-02101,MIPA,6,59,82,50,50,1,Academic Pressure,Kesepian dan adaptasi sosial,Negatif
MHS-02102,Ekonomi dan Bisnis,7,44,70,57,63,1,Academic Pressure,Biaya kuliah dan keuangan,Negatif
MHS-02103,Ilmu Budaya,7,48,86,43,60,1,Academic Pressure,Layanan kampus dan fasilitas,Positif
MHS-02104,MIPA,6,67,54,60,38,2,Career Concern,Dukungan dosen dan dosen wali,Negatif
MHS-02105,Ekonomi dan Bisnis,4,58,88,63,52,1,Academic Pressure,Kegiatan dan komunitas,Positif
MHS-02106,MIPA,1,44,93,47,46,1,Academic Pressure,Kegiatan dan komunitas,Netral
MHS-02107,Ilmu Budaya,6,54,71,60,57,1,Academic Pressure,Kesepian dan adaptasi sosial,Netral
MHS-02108,Kedokteran,4,50,63,36,50,3,Social Adaptation,Kecemasan karier dan magang,Netral
MHS-02109,Ilmu Budaya,4,75,41,86,80,4,Balanced Wellbeing,Kecemasan karier dan magang,Positif
MHS-02110,Teknik,8,83,47,91,68,4,Balanced Wellbeing,Beban tugas dan ujian,Negatif
MHS-02111,Ekonomi dan Bisnis,5,72,51,69,63,4,Balanced Wellbeing,Beban tugas dan ujian,Positif
MHS-02112,Hukum,7,75,41,78,74,4,Balanced Wellbeing,Kesepian dan adaptasi sosial,Positif
MHS-02113,Ekonomi dan Bisnis,1,64,67,80,44,2,Career Concern,Kegiatan dan komunitas,Negatif
MHS-02114,Kedokteran,7,69,58,67,25,2,Career Concern,Dukungan dosen dan dosen wali,Negatif
MHS-02115,MIPA,8,46,57,32,57,3,Social Adaptation,Dukungan dosen dan dosen wali,Netral
MHS-02116,Teknik,6,77,40,88,69,4,Balanced Wellbeing,Kegiatan dan komunitas,Negatif
MHS-02117,Ekonomi dan Bisnis,3,79,60,81,65,4,Balanced Wellbeing,Kecemasan karier dan magang,Positif
MHS-02118,MIPA,2,61,63,50,40,2,Career Concern,Dukungan dosen dan dosen wali,Positif
MHS-02119,Hukum,8,46,67,41,58,3,Social Adaptation,Kesepian dan adaptasi sosial,Positif
MHS-02120,Ilmu Budaya,5,51,92,37,48,1,Academic Pressure,Kecemasan karier dan magang,Positif
MHS-02121,MIPA,3,48,62,46,44,2,Career Concern,Kecemasan karier dan magang,Negatif
MHS-02122,MIPA,1,53,68,63,41,2,Career Concern,Kesepian dan adaptasi sosial,Netral
MHS-02123,MIPA,5,69,42,75,86,4,Balanced Wellbeing,Kesepian dan adaptasi sosial,Negatif
MHS-02124,Hukum,4,42,54,39,52,3,Social Adaptation,Beban tugas dan ujian,Positif
MHS-02125,Ekonomi dan Bisnis,7,48,79,44,49,1,Academic Pressure,Beban tugas dan ujian,Negatif
MHS-02126,Kedokteran,6,68,52,58,36,2,Career Concern,Kesepian dan adaptasi sosial,Netral
MHS-02127,Ekonomi dan Bisnis,5,58,43,47,63,2,Career Concern,Kesepian dan adaptasi sosial,Negatif
MHS-02128,Ekonomi dan Bisnis,5,42,73,29,63,3,Social Adaptation,Dukungan dosen dan dosen wali,Negatif
MHS-02129,Teknik,8,51,85,54,58,1,Academic Pressure,Biaya kuliah dan keuangan,Negatif
MHS-02130,Ekonomi dan Bisnis,6,39,87,46,56,1,Academic Pressure,Kegiatan dan komunitas,Negatif
MHS-02131,Kedokteran,3,48,87,59,47,1,Academic Pressure,Kecemasan karier dan magang,Netral
MHS-02132,Teknik,5,74,48,72,67,4,Balanced Wellbeing,Dukungan dosen dan dosen wali,Negatif
MHS-02133,MIPA,8,47,63,29,51,3,Social Adaptation,Kecemasan karier dan magang,Positif
MHS-02134,Kedokteran,1,49,89,54,53,1,Academic Pressure,Kesepian dan adaptasi sosial,Negatif
MHS-02135,Ilmu Budaya,4,73,55,90,72,4,Balanced Wellbeing,Layanan kampus dan fasilitas,Negatif
MHS-02136,Ekonomi dan Bisnis,5,76,43,75,66,4,Balanced Wellbeing,Biaya kuliah dan keuangan,Negatif
MHS-02137,Ekonomi dan Bisnis,6,83,44,58,69,4,Balanced Wellbeing,Layanan kampus dan fasilitas,Negatif
MHS-02138,Hukum,8,47,84,65,59,1,Academic Pressure,Kesepian dan adaptasi sosial,Negatif
MHS-02139,Hukum,5,69,56,77,50,2,Career Concern,Dukungan dosen dan dosen wali,Netral
MHS-02140,Ilmu Budaya,5,47,46,33,68,3,Social Adaptation,Beban tugas dan ujian,Netral
MHS-02141,MIPA,7,56,80,54,44,1,Academic Pressure,Dukungan dosen dan dosen wali,Netral
MHS-02142,Ekonomi dan Bisnis,1,73,55,98,87,4,Balanced Wellbeing,Kesepian dan adaptasi sosial,Negatif
MHS-02143,Teknik,8,78,44,92,82,4,Balanced Wellbeing,Layanan kampus dan fasilitas,Netral
MHS-02144,MIPA,1,53,65,57,54,2,Career Concern,Kesepian dan adaptasi sosial,Positif
MHS-02145,Teknik,3,45,78,41,38,1,Academic Pressure,Kecemasan karier dan magang,Negatif
MHS-02146,Hukum,8,53,69,41,58,1,Academic Pressure,Beban tugas dan ujian,Netral
MHS-02147,Ilmu Budaya,8,65,39,92,80,4,Balanced Wellbeing,Biaya kuliah dan keuangan,Negatif
MHS-02148,Hukum,4,82,38,73,59,4,Balanced Wellbeing,Kesepian dan adaptasi sosial,Netral
MHS-02149,Hukum,7,67,63,45,61,2,Career Concern,Kecemasan karier dan magang,Negatif
MHS-02150,Teknik,8,44,63,42,58,3,Social Adaptation,Kesepian dan adaptasi sosial,Negatif
MHS-02151,Kedokteran,2,56,89,54,50,1,Academic Pressure,Layanan kampus dan fasilitas,Positif
MHS-02152,Teknik,3,52,52,29,65,3,Social Adaptation,Kegiatan dan komunitas,Positif
MHS-02153,Teknik,1,65,54,82,73,4,Balanced Wellbeing,Kesepian dan adaptasi sosial,Netral
MHS-02154,Hukum,7,56,69,42,54,3,Social Adaptation,Dukungan dosen dan dosen wali,Negatif
MHS-02155,Ilmu Budaya,4,44,89,50,60,1,Academic Pressure,Kecemasan karier dan magang,Negatif
MHS-02156,Ekonomi dan Bisnis,2,58,63,68,56,2,Career Concern,Biaya kuliah dan keuangan,Negatif
MHS-02157,MIPA,8,59,52,72,82,4,Balanced Wellbeing,Layanan kampus dan fasilitas,Netral
MHS-02158,MIPA,4,60,54,53,65,2,Career Concern,Beban tugas dan ujian,Positif
MHS-02159,Ekonomi dan Bisnis,6,75,65,65,46,2,Career Concern,Kegiatan dan komunitas,Negatif
MHS-02160,Teknik,1,42,76,64,48,1,Academic Pressure,Layanan kampus dan fasilitas,Netral
MHS-02161,Hukum,5,73,65,64,65,2,Career Concern,Biaya kuliah dan keuangan,Negatif
MHS-02162,Ilmu Budaya,7,58,58,62,38,2,Career Concern,Biaya kuliah dan keuangan,Positif
MHS-02163,Teknik,6,45,87,43,52,1,Academic Pressure,Layanan kampus dan fasilitas,Positif
MHS-02164,MIPA,7,58,75,51,47,1,Academic Pressure,Layanan kampus dan fasilitas,Positif
MHS-02165,Hukum,3,58,67,48,52,3,Social Adaptation,Kegiatan dan komunitas,Negatif
MHS-02166,MIPA,4,75,42,72,84,4,Balanced Wellbeing,Layanan kampus dan fasilitas,Negatif
MHS-02167,Ilmu Budaya,3,71,59,87,63,4,Balanced Wellbeing,Dukungan dosen dan dosen wali,Negatif
MHS-02168,MIPA,2,39,47,24,59,3,Social Adaptation,Kesepian dan adaptasi sosial,Negatif
MHS-02169,Teknik,5,52,90,63,57,1,Academic Pressure,Beban tugas dan ujian,Negatif
MHS-02170,MIPA,4,37,72,36,52,3,Social Adaptation,Dukungan dosen dan dosen wali,Negatif
MHS-02171,Hukum,4,65,39,85,79,4,Balanced Wellbeing,Kecemasan karier dan magang,Positif
MHS-02172,Hukum,7,61,30,79,63,4,Balanced Wellbeing,Dukungan dosen dan dosen wali,Positif
MHS-02173,Ilmu Budaya,7,54,61,61,19,2,Career Concern,Beban tugas dan ujian,Negatif
MHS-02174,Ekonomi dan Bisnis,3,73,60,83,71,4,Balanced Wellbeing,Dukungan dosen dan dosen wali,Netral
MHS-02175,MIPA,4,71,72,34,36,3,Social Adaptation,Kesepian dan adaptasi sosial,Negatif
MHS-02176,Ilmu Budaya,2,55,60,66,49,2,Career Concern,Biaya kuliah dan keuangan,Negatif
MHS-02177,Ilmu Budaya,5,70,53,90,59,4,Balanced Wellbeing,Kecemasan karier dan magang,Positif
MHS-02178,MIPA,6,50,75,35,60,3,Social Adaptation,Dukungan dosen dan dosen wali,Positif
MHS-02179,Ilmu Budaya,5,53,57,66,55,2,Career Concern,Kegiatan dan komunitas,Negatif
MHS-02180,Ekonomi dan Bisnis,6,93,42,79,73,4,Balanced Wellbeing,Biaya kuliah dan keuangan,Negatif
MHS-02181,MIPA,7,89,43,85,71,4,Balanced Wellbeing,Kesepian dan adaptasi sosial,Negatif
MHS-02182,Kedokteran,5,45,74,40,57,3,Social Adaptation,Kesepian dan adaptasi sosial,Positif
MHS-02183,Hukum,8,53,57,59,47,2,Career Concern,Layanan kampus dan fasilitas,Netral
MHS-02184,Ekonomi dan Bisnis,8,48,81,62,52,1,Academic Pressure,Kesepian dan adaptasi sosial,Netral
MHS-02185,Hukum,8,40,80,58,53,1,Academic Pressure,Kecemasan karier dan magang,Negatif
MHS-02186,Hukum,2,53,84,46,52,1,Academic Pressure,Kegiatan dan komunitas,Negatif
MHS-02187,Kedokteran,3,69,63,57,38,2,Career Concern,Biaya kuliah dan keuangan,Positif
MHS-02188,Ekonomi dan Bisnis,4,52,58,28,62,3,Social Adaptation,Kegiatan dan komunitas,Positif
MHS-02189,Ekonomi dan Bisnis,7,78,53,84,75,4,Balanced Wellbeing,Kegiatan dan komunitas,Negatif
MHS-02190,Hukum,2,83,46,82,69,4,Balanced Wellbeing,Beban tugas dan ujian,Negatif
MHS-02191,Ekonomi dan Bisnis,1,60,61,57,53,2,Career Concern,Beban tugas dan ujian,Positif
MHS-02192,Teknik,1,47,77,57,55,1,Academic Pressure,Biaya kuliah dan keuangan,Negatif
MHS-02193,Hukum,1,57,64,35,55,3,Social Adaptation,Kegiatan dan komunitas,Negatif
MHS-02194,Ekonomi dan Bisnis,7,58,63,62,48,2,Career Concern,Beban tugas dan ujian,Positif
MHS-02195,Kedokteran,3,52,74,54,56,1,Academic Pressure,Layanan kampus dan fasilitas,Negatif
MHS-02196,Ekonomi dan Bisnis,5,59,55,54,39,2,Career Concern,Kecemasan karier dan magang,Positif
MHS-02197,Ekonomi dan Bisnis,5,49,63,56,34,2,Career Concern,Dukungan dosen dan dosen wali,Netral
MHS-02198,Hukum,3,53,55,39,54,3,Social Adaptation,Kesepian dan adaptasi sosial,Positif
MHS-02199,Kedokteran,4,58,65,54,45,3,Social Adaptation,Kegiatan dan komunitas,Netral
MHS-02200,Ilmu Budaya,6,65,65,67,43,2,Career Concern,Kecemasan karier dan magang,Negatif
MHS-02201,Ekonomi dan Bisnis,7,58,51,59,49,2,Career Concern,Kecemasan karier dan magang,Positif
MHS-02202,Ilmu Budaya,8,75,41,85,90,4,Balanced Wellbeing,Layanan kampus dan fasilitas,Negatif
MHS-02203,Hukum,4,36,85,72,44,1,Academic Pressure,Biaya kuliah dan keuangan,Negatif
MHS-02204,Teknik,7,41,61,37,56,3,Social Adaptation,Dukungan dosen dan dosen wali,Netral
MHS-02205,Teknik,7,40,53,38,43,3,Social Adaptation,Beban tugas dan ujian,Negatif
MHS-02206,Teknik,1,37,90,48,41,1,Academic Pressure,Kecemasan karier dan magang,Negatif
MHS-02207,Teknik,5,53,60,62,43,2,Career Concern,Layanan kampus dan fasilitas,Netral
MHS-02208,Ekonomi dan Bisnis,2,92,48,75,78,4,Balanced Wellbeing,Kecemasan karier dan magang,Positif
MHS-02209,Hukum,5,49,68,50,53,1,Academic Pressure,Kegiatan dan komunitas,Negatif
MHS-02210,Ekonomi dan Bisnis,2,51,76,55,46,1,Academic Pressure,Kesepian dan adaptasi sosial,Negatif
MHS-02211,MIPA,2,50,61,29,64,3,Social Adaptation,Dukungan dosen dan dosen wali,Negatif
MHS-02212,Hukum,1,55,68,55,37,2,Career Concern,Kesepian dan adaptasi sosial,Netral
MHS-02213,MIPA,1,50,84,51,55,1,Academic Pressure,Beban tugas dan ujian,Negatif
MHS-02214,Kedokteran,5,46,53,67,46,2,Career Concern,Kecemasan karier dan magang,Negatif
MHS-02215,Teknik,5,53,73,34,57,3,Social Adaptation,Beban tugas dan ujian,Positif
MHS-02216,Teknik,7,58,63,61,54,2,Career Concern,Beban tugas dan ujian,Positif
MHS-02217,Ekonomi dan Bisnis,1,51,62,44,48,3,Social Adaptation,Kecemasan karier dan magang,Netral
MHS-02218,Teknik,1,71,72,75,43,2,Career Concern,Kecemasan karier dan magang,Negatif
MHS-02219,Ekonomi dan Bisnis,1,34,81,50,60,1,Academic Pressure,Kecemasan karier dan magang,Negatif
MHS-02220,Teknik,4,61,59,71,28,2,Career Concern,Layanan kampus dan fasilitas,Negatif
MHS-02221,Ekonomi dan Bisnis,2,46,78,49,52,1,Academic Pressure,Layanan kampus dan fasilitas,Netral
MHS-02222,MIPA,2,73,54,83,70,4,Balanced Wellbeing,Biaya kuliah dan keuangan,Negatif
MHS-02223,MIPA,4,74,50,67,75,4,Balanced Wellbeing,Kesepian dan adaptasi sosial,Negatif
MHS-02224,Teknik,1,48,64,62,58,2,Career Concern,Dukungan dosen dan dosen wali,Negatif
MHS-02225,Ekonomi dan Bisnis,2,83,53,78,79,4,Balanced Wellbeing,Biaya kuliah dan keuangan,Negatif
MHS-02226,Hukum,3,44,88,44,58,1,Academic Pressure,Kesepian dan adaptasi sosial,Negatif
MHS-02227,Teknik,1,62,59,54,33,2,Career Concern,Kecemasan karier dan magang,Netral
MHS-02228,MIPA,6,45,71,45,45,1,Academic Pressure,Kesepian dan adaptasi sosial,Negatif
MHS-02229,Hukum,6,76,48,72,81,4,Balanced Wellbeing,Kesepian dan adaptasi sosial,Negatif
MHS-02230,Ekonomi dan Bisnis,8,41,89,66,41,1,Academic Pressure,Dukungan dosen dan dosen wali,Positif
MHS-02231,Teknik,8,43,75,62,53,1,Academic Pressure,Beban tugas dan ujian,Netral
MHS-02232,MIPA,7,47,77,52,58,3,Social Adaptation,Kegiatan dan komunitas,Negatif
MHS-02233,Ilmu Budaya,7,63,44,73,44,2,Career Concern,Layanan kampus dan fasilitas,Netral
MHS-02234,Ekonomi dan Bisnis,4,79,48,85,80,4,Balanced Wellbeing,Layanan kampus dan fasilitas,Positif
MHS-02235,Ekonomi dan Bisnis,5,52,65,40,61,3,Social Adaptation,Beban tugas dan ujian,Netral
MHS-02236,Kedokteran,2,43,70,36,56,3,Social Adaptation,Beban tugas dan ujian,Positif
MHS-02237,Ekonomi dan Bisnis,6,78,62,83,76,4,Balanced Wellbeing,Dukungan dosen dan dosen wali,Negatif
MHS-02238,Hukum,3,66,78,59,49,1,Academic Pressure,Kegiatan dan komunitas,Negatif
MHS-02239,MIPA,8,56,59,15,59,3,Social Adaptation,Layanan kampus dan fasilitas,Negatif
MHS-02240,Hukum,6,82,47,67,61,4,Balanced Wellbeing,Kecemasan karier dan magang,Negatif
MHS-02241,Kedokteran,8,49,68,64,58,1,Academic Pressure,Layanan kampus dan fasilitas,Negatif
MHS-02242,MIPA,4,45,60,30,48,3,Social Adaptation,Beban tugas dan ujian,Negatif
MHS-02243,MIPA,2,62,29,77,68,4,Balanced Wellbeing,Dukungan dosen dan dosen wali,Negatif
MHS-02244,Hukum,7,74,40,85,71,4,Balanced Wellbeing,Layanan kampus dan fasilitas,Netral
MHS-02245,Hukum,1,52,67,54,51,2,Career Concern,Layanan kampus dan fasilitas,Positif
MHS-02246,Kedokteran,6,29,92,52,50,1,Academic Pressure,Kecemasan karier dan magang,Netral
MHS-02247,Ilmu Budaya,5,56,52,56,46,2,Career Concern,Biaya kuliah dan keuangan,Negatif
MHS-02248,Kedokteran,1,32,91,46,57,1,Academic Pressure,Kecemasan karier dan magang,Negatif
MHS-02249,Ilmu Budaya,5,46,71,60,61,1,Academic Pressure,Biaya kuliah dan keuangan,Negatif
MHS-02250,Ekonomi dan Bisnis,4,68,60,86,74,4,Balanced Wellbeing,Dukungan dosen dan dosen wali,Negatif
MHS-02251,Teknik,6,50,55,34,59,3,Social Adaptation,Biaya kuliah dan keuangan,Negatif
MHS-02252,Teknik,7,53,67,68,35,2,Career Concern,Kecemasan karier dan magang,Positif
MHS-02253,Ekonomi dan Bisnis,3,52,89,55,65,1,Academic Pressure,Layanan kampus dan fasilitas,Positif
MHS-02254,Ekonomi dan Bisnis,7,48,85,43,38,1,Academic Pressure,Kecemasan karier dan magang,Negatif
MHS-02255,Ilmu Budaya,3,36,72,34,47,3,Social Adaptation,Beban tugas dan ujian,Negatif
MHS-02256,Ekonomi dan Bisnis,2,79,46,62,78,4,Balanced Wellbeing,Biaya kuliah dan keuangan,Netral
MHS-02257,Ekonomi dan Bisnis,6,61,75,66,37,2,Career Concern,Kegiatan dan komunitas,Negatif
MHS-02258,Teknik,3,43,61,40,43,3,Social Adaptation,Kecemasan karier dan magang,Negatif
MHS-02259,MIPA,8,48,87,50,56,1,Academic Pressure,Beban tugas dan ujian,Netral
MHS-02260,Kedokteran,7,41,78,58,54,1,Academic Pressure,Dukungan dosen dan dosen wali,Netral
MHS-02261,MIPA,3,35,77,33,70,3,Social Adaptation,Kecemasan karier dan magang,Negatif
MHS-02262,Hukum,8,78,58,86,77,4,Balanced Wellbeing,Kesepian dan adaptasi sosial,Positif
MHS-02263,Hukum,2,54,72,66,36,2,Career Concern,Layanan kampus dan fasilitas,Negatif
MHS-02264,Ilmu Budaya,7,65,52,27,39,3,Social Adaptation,Dukungan dosen dan dosen wali,Negatif
MHS-02265,Ekonomi dan Bisnis,2,64,54,71,53,2,Career Concern,Kegiatan dan komunitas,Netral
MHS-02266,Teknik,2,69,65,65,45,2,Career Concern,Kesepian dan adaptasi sosial,Negatif
MHS-02267,Ekonomi dan Bisnis,3,41,75,48,55,1,Academic Pressure,Kecemasan karier dan magang,Netral
MHS-02268,Hukum,6,53,76,46,42,1,Academic Pressure,Kesepian dan adaptasi sosial,Negatif
MHS-02269,Ekonomi dan Bisnis,8,71,42,98,78,4,Balanced Wellbeing,Kegiatan dan komunitas,Negatif
MHS-02270,Ekonomi dan Bisnis,3,53,59,38,70,3,Social Adaptation,Biaya kuliah dan keuangan,Negatif
MHS-02271,MIPA,5,72,49,93,71,4,Balanced Wellbeing,Beban tugas dan ujian,Negatif
MHS-02272,MIPA,3,56,62,78,42,2,Career Concern,Beban tugas dan ujian,Negatif
MHS-02273,Ekonomi dan Bisnis,7,42,86,52,44,1,Academic Pressure,Kesepian dan adaptasi sosial,Positif
MHS-02274,Kedokteran,4,61,51,68,43,2,Career Concern,Kegiatan dan komunitas,Positif
MHS-02275,Kedokteran,8,44,74,21,43,3,Social Adaptation,Layanan kampus dan fasilitas,Negatif
MHS-02276,Ilmu Budaya,3,64,40,80,72,4,Balanced Wellbeing,Biaya kuliah dan keuangan,Negatif
MHS-02277,Hukum,1,45,70,36,61,3,Social Adaptation,Kegiatan dan komunitas,Negatif
MHS-02278,Teknik,8,47,60,62,50,2,Career Concern,Layanan kampus dan fasilitas,Positif
MHS-02279,Hukum,6,85,50,74,89,4,Balanced Wellbeing,Beban tugas dan ujian,Negatif
MHS-02280,Hukum,1,42,55,73,39,2,Career Concern,Biaya kuliah dan keuangan,Positif
MHS-02281,Hukum,1,63,54,66,38,2,Career Concern,Kesepian dan adaptasi sosial,Negatif
MHS-02282,Ekonomi dan Bisnis,4,45,91,65,35,1,Academic Pressure,Kecemasan karier dan magang,Negatif
MHS-02283,Ilmu Budaya,8,36,76,49,63,1,Academic Pressure,Kesepian dan adaptasi sosial,Positif
MHS-02284,MIPA,7,58,64,76,27,2,Career Concern,Kecemasan karier dan magang,Negatif
MHS-02285,Hukum,5,84,58,89,59,4,Balanced Wellbeing,Layanan kampus dan fasilitas,Positif
MHS-02286,Ilmu Budaya,7,79,42,85,73,4,Balanced Wellbeing,Beban tugas dan ujian,Positif
MHS-02287,Ekonomi dan Bisnis,7,68,40,79,70,4,Balanced Wellbeing,Beban tugas dan ujian,Positif
MHS-02288,Kedokteran,7,88,35,78,72,4,Balanced Wellbeing,Biaya kuliah dan keuangan,Netral
MHS-02289,Ekonomi dan Bisnis,6,47,89,66,39,1,Academic Pressure,Beban tugas dan ujian,Positif
MHS-02290,MIPA,1,53,78,60,56,1,Academic Pressure,Layanan kampus dan fasilitas,Positif
MHS-02291,Teknik,1,49,50,67,45,2,Career Concern,Biaya kuliah dan keuangan,Negatif
MHS-02292,MIPA,2,54,59,63,50,2,Career Concern,Biaya kuliah dan keuangan,Netral
MHS-02293,Ilmu Budaya,6,52,59,61,43,2,Career Concern,Kesepian dan adaptasi sosial,Negatif
MHS-02294,Ilmu Budaya,2,57,63,63,43,2,Career Concern,Kesepian dan adaptasi sosial,Positif
MHS-02295,Ilmu Budaya,7,72,46,86,78,4,Balanced Wellbeing,Kegiatan dan komunitas,Netral
MHS-02296,MIPA,4,53,55,29,68,3,Social Adaptation,Dukungan dosen dan dosen wali,Negatif
MHS-02297,Kedokteran,4,47,83,64,50,1,Academic Pressure,Biaya kuliah dan keuangan,Negatif
MHS-02298,Ekonomi dan Bisnis,4,53,61,56,49,2,Career Concern,Layanan kampus dan fasilitas,Netral
MHS-02299,Hukum,8,49,67,76,53,2,Career Concern,Biaya kuliah dan keuangan,Netral
MHS-02300,Teknik,4,83,42,63,75,4,Balanced Wellbeing,Beban tugas dan ujian,Negatif
MHS-02301,Hukum,4,67,48,71,81,4,Balanced Wellbeing,Biaya kuliah dan keuangan,Negatif
MHS-02302,Ilmu Budaya,2,78,49,60,71,4,Balanced Wellbeing,Kecemasan karier dan magang,Negatif
MHS-02303,Hukum,1,93,46,83,72,4,Balanced Wellbeing,Dukungan dosen dan dosen wali,Negatif
MHS-02304,Hukum,2,80,53,71,75,4,Balanced Wellbeing,Beban tugas dan ujian,Positif
MHS-02305,MIPA,1,46,70,59,49,1,Academic Pressure,Beban tugas dan ujian,Negatif
MHS-02306,Ilmu Budaya,4,74,39,84,85,4,Balanced Wellbeing,Dukungan dosen dan dosen wali,Positif
MHS-02307,Hukum,7,72,37,66,76,4,Balanced Wellbeing,Beban tugas dan ujian,Netral
MHS-02308,Ilmu Budaya,7,55,51,63,35,2,Career Concern,Biaya kuliah dan keuangan,Negatif
MHS-02309,Hukum,6,50,68,37,59,3,Social Adaptation,Kecemasan karier dan magang,Negatif
MHS-02310,MIPA,4,42,71,45,62,1,Academic Pressure,Dukungan dosen dan dosen wali,Negatif
MHS-02311,Hukum,5,76,57,81,74,4,Balanced Wellbeing,Kesepian dan adaptasi sosial,Netral
MHS-02312,Teknik,2,60,49,78,53,2,Career Concern,Beban tugas dan ujian,Negatif
MHS-02313,Hukum,4,60,60,53,49,2,Career Concern,Dukungan dosen dan dosen wali,Negatif
MHS-02314,MIPA,4,43,54,63,50,2,Career Concern,Biaya kuliah dan keuangan,Negatif
MHS-02315,Hukum,7,49,65,65,36,2,Career Concern,Dukungan dosen dan dosen wali,Negatif
MHS-02316,Hukum,3,81,46,98,67,4,Balanced Wellbeing,Kegiatan dan komunitas,Netral
MHS-02317,Ekonomi dan Bisnis,8,46,71,36,74,3,Social Adaptation,Dukungan dosen dan dosen wali,Negatif
MHS-02318,Teknik,2,48,50,45,59,3,Social Adaptation,Biaya kuliah dan keuangan,Netral
MHS-02319,Ilmu Budaya,2,61,84,52,66,1,Academic Pressure,Kesepian dan adaptasi sosial,Positif
MHS-02320,Hukum,4,46,38,34,65,3,Social Adaptation,Kesepian dan adaptasi sosial,Netral
MHS-02321,MIPA,4,78,47,78,63,4,Balanced Wellbeing,Beban tugas dan ujian,Netral
MHS-02322,Hukum,4,70,59,84,72,4,Balanced Wellbeing,Biaya kuliah dan keuangan,Netral
MHS-02323,Ekonomi dan Bisnis,1,71,43,75,63,4,Balanced Wellbeing,Biaya kuliah dan keuangan,Netral
MHS-02324,MIPA,2,49,74,43,49,1,Academic Pressure,Kecemasan karier dan magang,Positif
MHS-02325,Hukum,5,57,69,42,45,1,Academic Pressure,Kegiatan dan komunitas,Negatif
MHS-02326,Kedokteran,4,89,52,82,73,4,Balanced Wellbeing,Dukungan dosen dan dosen wali,Positif
MHS-02327,Ekonomi dan Bisnis,2,67,55,57,39,2,Career Concern,Layanan kampus dan fasilitas,Netral
MHS-02328,Hukum,1,42,56,24,66,3,Social Adaptation,Kegiatan dan komunitas,Positif
MHS-02329,Ekonomi dan Bisnis,4,64,52,45,46,2,Career Concern,Kesepian dan adaptasi sosial,Positif
MHS-02330,Hukum,3,47,64,28,44,3,Social Adaptation,Kesepian dan adaptasi sosial,Positif
MHS-02331,Hukum,4,49,63,61,42,2,Career Concern,Kesepian dan adaptasi sosial,Netral
MHS-02332,Hukum,1,80,54,72,64,4,Balanced Wellbeing,Kesepian dan adaptasi sosial,Negatif
MHS-02333,Ekonomi dan Bisnis,7,55,66,31,51,3,Social Adaptation,Biaya kuliah dan keuangan,Positif
MHS-02334,Teknik,6,57,67,46,61,1,Academic Pressure,Beban tugas dan ujian,Positif
MHS-02335,Ilmu Budaya,4,58,56,69,41,2,Career Concern,Layanan kampus dan fasilitas,Negatif
MHS-02336,Ilmu Budaya,2,71,52,83,64,4,Balanced Wellbeing,Dukungan dosen dan dosen wali,Negatif
MHS-02337,Ekonomi dan Bisnis,5,53,76,67,55,1,Academic Pressure,Biaya kuliah dan keuangan,Netral
MHS-02338,Hukum,4,62,52,45,24,2,Career Concern,Dukungan dosen dan dosen wali,Negatif
MHS-02339,MIPA,7,47,77,53,49,1,Academic Pressure,Kegiatan dan komunitas,Netral
MHS-02340,Ekonomi dan Bisnis,3,87,47,76,71,4,Balanced Wellbeing,Kecemasan karier dan magang,Positif
MHS-02341,Ilmu Budaya,4,40,79,56,51,1,Academic Pressure,Beban tugas dan ujian,Positif
MHS-02342,Ilmu Budaya,6,71,39,79,88,4,Balanced Wellbeing,Kecemasan karier dan magang,Negatif
MHS-02343,Hukum,5,73,39,89,65,4,Balanced Wellbeing,Biaya kuliah dan keuangan,Negatif
MHS-02344,MIPA,8,68,30,79,86,4,Balanced Wellbeing,Kegiatan dan komunitas,Negatif
MHS-02345,MIPA,7,57,72,59,55,2,Career Concern,Biaya kuliah dan keuangan,Positif
MHS-02346,Hukum,6,61,45,65,68,4,Balanced Wellbeing,Dukungan dosen dan dosen wali,Netral
MHS-02347,Kedokteran,4,49,60,56,48,2,Career Concern,Kecemasan karier dan magang,Negatif
MHS-02348,Ekonomi dan Bisnis,7,40,63,67,40,2,Career Concern,Kegiatan dan komunitas,Positif
MHS-02349,Hukum,6,44,77,34,31,3,Social Adaptation,Kegiatan dan komunitas,Netral
MHS-02350,Ekonomi dan Bisnis,5,74,48,82,73,4,Balanced Wellbeing,Kesepian dan adaptasi sosial,Negatif
MHS-02351,MIPA,1,54,77,62,30,2,Career Concern,Dukungan dosen dan dosen wali,Negatif
MHS-02352,Kedokteran,1,81,37,78,87,4,Balanced Wellbeing,Kecemasan karier dan magang,Netral
MHS-02353,Hukum,1,61,59,66,45,2,Career Concern,Biaya kuliah dan keuangan,Positif
MHS-02354,Ilmu Budaya,5,47,68,41,55,3,Social Adaptation,Kegiatan dan komunitas,Netral
MHS-02355,Hukum,2,32,82,55,46,1,Academic Pressure,Beban tugas dan ujian,Negatif
MHS-02356,Kedokteran,3,63,54,65,52,2,Career Concern,Layanan kampus dan fasilitas,Negatif
MHS-02357,MIPA,4,69,56,70,72,4,Balanced Wellbeing,Layanan kampus dan fasilitas,Netral
MHS-02358,Hukum,2,75,59,94,71,4,Balanced Wellbeing,Layanan kampus dan fasilitas,Negatif
MHS-02359,Hukum,8,70,60,75,85,4,Balanced Wellbeing,Dukungan dosen dan dosen wali,Negatif
MHS-02360,Ilmu Budaya,2,52,75,57,60,1,Academic Pressure,Kegiatan dan komunitas,Negatif
MHS-02361,Ilmu Budaya,5,70,57,63,30,2,Career Concern,Beban tugas dan ujian,Negatif
MHS-02362,MIPA,1,36,61,33,59,3,Social Adaptation,Kesepian dan adaptasi sosial,Netral
MHS-02363,Teknik,7,49,76,49,47,1,Academic Pressure,Dukungan dosen dan dosen wali,Negatif
MHS-02364,Ekonomi dan Bisnis,7,73,31,62,69,4,Balanced Wellbeing,Kesepian dan adaptasi sosial,Negatif
MHS-02365,MIPA,1,79,59,84,65,4,Balanced Wellbeing,Biaya kuliah dan keuangan,Netral
MHS-02366,Kedokteran,6,60,63,57,40,2,Career Concern,Beban tugas dan ujian,Positif
MHS-02367,Ilmu Budaya,7,80,49,66,76,4,Balanced Wellbeing,Kesepian dan adaptasi sosial,Negatif
MHS-02368,Teknik,4,46,52,58,40,2,Career Concern,Dukungan dosen dan dosen wali,Negatif
MHS-02369,Hukum,8,52,65,48,37,1,Academic Pressure,Kesepian dan adaptasi sosial,Negatif
MHS-02370,Ekonomi dan Bisnis,7,56,56,57,36,2,Career Concern,Kegiatan dan komunitas,Positif
MHS-02371,Teknik,1,50,85,44,57,1,Academic Pressure,Dukungan dosen dan dosen wali,Netral
MHS-02372,Kedokteran,8,42,78,52,50,1,Academic Pressure,Kecemasan karier dan magang,Netral
MHS-02373,Ilmu Budaya,5,69,53,76,65,4,Balanced Wellbeing,Biaya kuliah dan keuangan,Positif
MHS-02374,Ekonomi dan Bisnis,1,49,79,54,54,1,Academic Pressure,Kecemasan karier dan magang,Positif
MHS-02375,Kedokteran,6,36,82,65,43,1,Academic Pressure,Beban tugas dan ujian,Negatif
MHS-02376,Hukum,4,87,49,80,74,4,Balanced Wellbeing,Biaya kuliah dan keuangan,Negatif
MHS-02377,MIPA,2,69,65,70,55,2,Career Concern,Beban tugas dan ujian,Negatif
MHS-02378,Ekonomi dan Bisnis,5,49,84,55,48,1,Academic Pressure,Kesepian dan adaptasi sosial,Negatif
MHS-02379,Ekonomi dan Bisnis,1,49,93,61,64,1,Academic Pressure,Kegiatan dan komunitas,Netral
MHS-02380,Ekonomi dan Bisnis,7,71,37,78,62,4,Balanced Wellbeing,Kegiatan dan komunitas,Negatif
MHS-02381,MIPA,1,42,52,51,57,3,Social Adaptation,Kesepian dan adaptasi sosial,Positif
MHS-02382,Kedokteran,2,55,60,66,44,2,Career Concern,Kegiatan dan komunitas,Negatif
MHS-02383,Hukum,6,48,92,56,50,1,Academic Pressure,Beban tugas dan ujian,Negatif
MHS-02384,Hukum,5,58,90,55,40,1,Academic Pressure,Biaya kuliah dan keuangan,Negatif
MHS-02385,Ilmu Budaya,7,42,86,59,42,1,Academic Pressure,Kesepian dan adaptasi sosial,Negatif
MHS-02386,Ilmu Budaya,4,71,34,66,73,4,Balanced Wellbeing,Layanan kampus dan fasilitas,Negatif
MHS-02387,Kedokteran,6,65,55,61,68,4,Balanced Wellbeing,Kesepian dan adaptasi sosial,Negatif
MHS-02388,Ekonomi dan Bisnis,4,69,46,84,73,4,Balanced Wellbeing,Dukungan dosen dan dosen wali,Netral
MHS-02389,Ekonomi dan Bisnis,8,56,60,41,41,3,Social Adaptation,Kesepian dan adaptasi sosial,Negatif
MHS-02390,Ekonomi dan Bisnis,2,57,65,40,46,3,Social Adaptation,Biaya kuliah dan keuangan,Negatif
MHS-02391,Ilmu Budaya,1,49,58,68,38,2,Career Concern,Kegiatan dan komunitas,Negatif
MHS-02392,MIPA,4,35,52,43,55,3,Social Adaptation,Beban tugas dan ujian,Negatif
MHS-02393,Kedokteran,3,44,55,40,73,3,Social Adaptation,Dukungan dosen dan dosen wali,Positif
MHS-02394,Kedokteran,4,84,53,77,74,4,Balanced Wellbeing,Biaya kuliah dan keuangan,Negatif
MHS-02395,Ekonomi dan Bisnis,3,71,36,87,78,4,Balanced Wellbeing,Biaya kuliah dan keuangan,Negatif
MHS-02396,Teknik,8,40,65,46,57,3,Social Adaptation,Biaya kuliah dan keuangan,Netral
MHS-02397,MIPA,8,69,45,64,66,4,Balanced Wellbeing,Layanan kampus dan fasilitas,Netral
MHS-02398,Kedokteran,7,44,82,47,49,1,Academic Pressure,Biaya kuliah dan keuangan,Netral
MHS-02399,Ekonomi dan Bisnis,6,66,61,41,58,3,Social Adaptation,Kesepian dan adaptasi sosial,Positif
MHS-02400,Ilmu Budaya,3,80,53,94,69,4,Balanced Wellbeing,Dukungan dosen dan dosen wali,Positif
MHS-02401,MIPA,4,50,64,59,42,2,Career Concern,Layanan kampus dan fasilitas,Positif
MHS-02402,Teknik,4,85,49,91,70,4,Balanced Wellbeing,Dukungan dosen dan dosen wali,Positif
MHS-02403,Hukum,4,62,71,65,51,2,Career Concern,Kesepian dan adaptasi sosial,Positif
MHS-02404,Teknik,5,62,54,50,37,2,Career Concern,Dukungan dosen dan dosen wali,Netral
MHS-02405,Ekonomi dan Bisnis,6,43,87,47,51,1,Academic Pressure,Dukungan dosen dan dosen wali,Negatif
MHS-02406,Kedokteran,4,58,56,40,53,3,Social Adaptation,Layanan kampus dan fasilitas,Netral
MHS-02407,Hukum,3,71,53,77,89,4,Balanced Wellbeing,Biaya kuliah dan keuangan,Netral
MHS-02408,Ekonomi dan Bisnis,2,88,37,87,60,4,Balanced Wellbeing,Kegiatan dan komunitas,Netral
MHS-02409,Kedokteran,5,83,52,81,84,4,Balanced Wellbeing,Beban tugas dan ujian,Positif
MHS-02410,Teknik,8,64,64,63,33,2,Career Concern,Layanan kampus dan fasilitas,Negatif
MHS-02411,MIPA,8,86,49,77,67,4,Balanced Wellbeing,Kecemasan karier dan magang,Netral
MHS-02412,Hukum,4,63,35,77,65,4,Balanced Wellbeing,Biaya kuliah dan keuangan,Netral
MHS-02413,Ekonomi dan Bisnis,7,73,66,64,54,2,Career Concern,Kesepian dan adaptasi sosial,Negatif
MHS-02414,Ekonomi dan Bisnis,3,44,41,36,53,3,Social Adaptation,Dukungan dosen dan dosen wali,Negatif
MHS-02415,Teknik,7,36,59,35,43,3,Social Adaptation,Dukungan dosen dan dosen wali,Positif
MHS-02416,Kedokteran,5,60,57,50,40,2,Career Concern,Biaya kuliah dan keuangan,Negatif
MHS-02417,Ekonomi dan Bisnis,6,89,65,92,76,4,Balanced Wellbeing,Beban tugas dan ujian,Netral
MHS-02418,Teknik,6,79,44,79,65,4,Balanced Wellbeing,Kesepian dan adaptasi sosial,Positif
MHS-02419,Teknik,4,55,66,53,36,2,Career Concern,Kesepian dan adaptasi sosial,Negatif
MHS-02420,Ekonomi dan Bisnis,7,56,63,60,41,2,Career Concern,Kegiatan dan komunitas,Negatif
MHS-02421,MIPA,3,50,89,51,48,1,Academic Pressure,Beban tugas dan ujian,Netral
MHS-02422,Ekonomi dan Bisnis,6,65,50,90,73,4,Balanced Wellbeing,Kecemasan karier dan magang,Negatif
MHS-02423,Hukum,1,61,87,56,46,1,Academic Pressure,Kegiatan dan komunitas,Netral
MHS-02424,Hukum,3,38,68,52,59,1,Academic Pressure,Layanan kampus dan fasilitas,Positif
MHS-02425,Ekonomi dan Bisnis,8,71,37,80,79,4,Balanced Wellbeing,Biaya kuliah dan keuangan,Negatif
MHS-02426,Kedokteran,5,48,51,48,43,2,Career Concern,Kecemasan karier dan magang,Negatif
MHS-02427,Ekonomi dan Bisnis,6,85,42,75,81,4,Balanced Wellbeing,Kegiatan dan komunitas,Positif
MHS-02428,Kedokteran,5,82,36,93,68,4,Balanced Wellbeing,Kesepian dan adaptasi sosial,Positif
MHS-02429,Kedokteran,2,71,50,55,47,2,Career Concern,Kegiatan dan komunitas,Positif
MHS-02430,MIPA,6,61,50,75,44,2,Career Concern,Biaya kuliah dan keuangan,Negatif
MHS-02431,Ilmu Budaya,7,89,44,73,68,4,Balanced Wellbeing,Kesepian dan adaptasi sosial,Negatif
MHS-02432,Teknik,7,54,62,57,29,2,Career Concern,Layanan kampus dan fasilitas,Negatif
MHS-02433,Hukum,8,93,56,82,83,4,Balanced Wellbeing,Beban tugas dan ujian,Negatif
MHS-02434,Ilmu Budaya,1,52,70,73,49,2,Career Concern,Dukungan dosen dan dosen wali,Negatif
MHS-02435,Kedokteran,7,49,57,36,63,3,Social Adaptation,Layanan kampus dan fasilitas,Netral
MHS-02436,Ilmu Budaya,4,68,61,71,62,4,Balanced Wellbeing,Kesepian dan adaptasi sosial,Negatif
MHS-02437,Hukum,3,75,50,77,72,4,Balanced Wellbeing,Biaya kuliah dan keuangan,Positif
MHS-02438,Kedokteran,8,65,65,77,68,4,Balanced Wellbeing,Kesepian dan adaptasi sosial,Positif
MHS-02439,MIPA,5,61,59,50,51,2,Career Concern,Layanan kampus dan fasilitas,Negatif
MHS-02440,Hukum,2,73,41,74,73,4,Balanced Wellbeing,Beban tugas dan ujian,Positif
MHS-02441,Ekonomi dan Bisnis,1,44,67,48,55,3,Social Adaptation,Kegiatan dan komunitas,Negatif
MHS-02442,Ilmu Budaya,1,56,72,45,54,1,Academic Pressure,Kecemasan karier dan magang,Negatif
MHS-02443,MIPA,5,42,84,52,47,1,Academic Pressure,Kesepian dan adaptasi sosial,Netral
MHS-02444,Ekonomi dan Bisnis,6,77,55,77,69,4,Balanced Wellbeing,Kesepian dan adaptasi sosial,Netral
MHS-02445,Kedokteran,5,91,50,88,59,4,Balanced Wellbeing,Kegiatan dan komunitas,Negatif
MHS-02446,Kedokteran,1,56,56,46,54,3,Social Adaptation,Layanan kampus dan fasilitas,Netral
MHS-02447,Kedokteran,5,52,56,24,58,3,Social Adaptation,Dukungan dosen dan dosen wali,Negatif
MHS-02448,Ilmu Budaya,5,52,69,67,36,2,Career Concern,Kegiatan dan komunitas,Positif
MHS-02449,Ekonomi dan Bisnis,1,48,62,60,50,2,Career Concern,Kegiatan dan komunitas,Negatif
MHS-02450,Ekonomi dan Bisnis,4,46,67,49,64,3,Social Adaptation,Beban tugas dan ujian,Netral
MHS-02451,Ilmu Budaya,6,70,43,88,75,4,Balanced Wellbeing,Dukungan dosen dan dosen wali,Netral
MHS-02452,Ilmu Budaya,6,48,100,58,40,1,Academic Pressure,Kecemasan karier dan magang,Negatif
MHS-02453,Hukum,1,57,58,49,60,3,Social Adaptation,Kegiatan dan komunitas,Positif
MHS-02454,MIPA,6,75,42,78,59,4,Balanced Wellbeing,Kegiatan dan komunitas,Negatif
MHS-02455,Teknik,2,38,56,50,35,3,Social Adaptation,Dukungan dosen dan dosen wali,Positif
MHS-02456,Ilmu Budaya,8,65,56,73,49,2,Career Concern,Kesepian dan adaptasi sosial,Positif
MHS-02457,Ilmu Budaya,7,57,60,59,31,2,Career Concern,Dukungan dosen dan dosen wali,Netral
MHS-02458,Ilmu Budaya,6,75,44,77,77,4,Balanced Wellbeing,Layanan kampus dan fasilitas,Netral
MHS-02459,Ekonomi dan Bisnis,3,45,69,54,51,1,Academic Pressure,Kesepian dan adaptasi sosial,Negatif
MHS-02460,Ekonomi dan Bisnis,2,52,60,57,42,2,Career Concern,Biaya kuliah dan keuangan,Negatif
MHS-02461,Ekonomi dan Bisnis,2,45,66,32,73,3,Social Adaptation,Biaya kuliah dan keuangan,Negatif
MHS-02462,MIPA,5,45,88,58,55,1,Academic Pressure,Biaya kuliah dan keuangan,Negatif
MHS-02463,Kedokteran,2,54,59,26,57,3,Social Adaptation,Layanan kampus dan fasilitas,Positif
MHS-02464,Ekonomi dan Bisnis,2,52,74,55,44,2,Career Concern,Kecemasan karier dan magang,Positif
MHS-02465,Ilmu Budaya,6,43,88,52,71,1,Academic Pressure,Layanan kampus dan fasilitas,Positif
MHS-02466,MIPA,6,77,38,81,77,4,Balanced Wellbeing,Biaya kuliah dan keuangan,Positif
MHS-02467,Ekonomi dan Bisnis,7,44,77,38,54,3,Social Adaptation,Biaya kuliah dan keuangan,Negatif
MHS-02468,Ekonomi dan Bisnis,2,70,51,75,70,4,Balanced Wellbeing,Layanan kampus dan fasilitas,Negatif
MHS-02469,MIPA,2,58,73,52,27,1,Academic Pressure,Kegiatan dan komunitas,Negatif
MHS-02470,MIPA,6,80,45,83,72,4,Balanced Wellbeing,Layanan kampus dan fasilitas,Negatif
MHS-02471,Kedokteran,3,83,35,82,75,4,Balanced Wellbeing,Kesepian dan adaptasi sosial,Positif
MHS-02472,Kedokteran,6,53,63,76,52,2,Career Concern,Kecemasan karier dan magang,Positif
MHS-02473,Teknik,2,54,84,63,52,1,Academic Pressure,Beban tugas dan ujian,Netral
MHS-02474,Hukum,7,45,74,34,65,3,Social Adaptation,Kecemasan karier dan magang,Positif
MHS-02475,Ekonomi dan Bisnis,7,60,47,66,53,2,Career Concern,Layanan kampus dan fasilitas,Positif
MHS-02476,Teknik,1,46,85,45,43,1,Academic Pressure,Kesepian dan adaptasi sosial,Positif
MHS-02477,Hukum,3,67,53,96,75,4,Balanced Wellbeing,Kecemasan karier dan magang,Netral
MHS-02478,Teknik,8,67,71,66,41,2,Career Concern,Biaya kuliah dan keuangan,Positif
MHS-02479,Ekonomi dan Bisnis,5,47,50,63,43,2,Career Concern,Kesepian dan adaptasi sosial,Netral
MHS-02480,Hukum,6,44,86,49,42,1,Academic Pressure,Kesepian dan adaptasi sosial,Negatif
MHS-02481,Ilmu Budaya,5,49,86,66,55,1,Academic Pressure,Layanan kampus dan fasilitas,Negatif
